countryName,education,100,101,102,103,104,105,106,107,108,109,110,111,112,113,114,115
 Afghanistan,3,31,51,66,48,93,128,107,61,38,38,41,95,55,54,63,106
 Afghanistan,1,68,85,86,78,104,122,81,104,68,102,78,76,76,58,66,124
 Afghanistan,4,153,207,216,241,355,476,392,162,179,188,190,337,216,199,210,359
 Afghanistan,NULL,1,2,1,4,4,8,6,2,3,4,1,5,2,4,3,5
 Afghanistan,2,25,27,47,33,66,73,39,56,35,58,26,39,34,36,28,69
 Albania,3,81,228,142,134,330,314,262,80,107,215,137,273,87,124,152,320
 Albania,1,35,43,56,62,97,87,55,70,43,74,41,75,35,69,47,80
 Albania,4,361,924,500,470,1613,1519,1338,182,355,988,701,1294,336,427,500,1409
 Albania,NULL,9,1,7,6,18,21,17,3,5,6,7,13,7,10,7,13
 Albania,2,42,50,63,54,103,115,74,58,41,83,59,101,50,56,74,99
 Algeria,1,59,132,150,71,204,257,155,92,94,132,124,168,76,81,91,189
 Algeria,4,428,642,785,573,1319,1522,1099,431,302,714,571,1105,473,640,497,953
 Algeria,3,203,375,464,218,760,869,547,271,238,375,458,626,245,357,355,670
 Algeria,NULL,16,9,16,21,42,39,28,10,4,21,14,25,15,15,15,22
 Algeria,2,92,243,227,125,393,473,281,152,148,214,226,331,127,164,144,367
 Andorra,3,21,15,22,29,35,31,28,22,14,29,27,15,15,14,22,27
 Andorra,NULL,2,1,2,2,3,2,3,3,1,1,4,3,4,1,3,1
 Andorra,2,6,7,16,10,20,19,11,15,8,18,13,14,11,11,7,18
 Andorra,1,15,14,17,15,14,22,19,17,14,15,15,18,18,8,16,21
 Andorra,4,29,31,38,56,45,53,41,26,31,43,31,28,35,35,36,48
 Angola,1,12,10,14,12,18,17,9,18,7,14,8,12,10,13,12,15
 Angola,4,57,47,62,113,99,148,88,58,50,72,59,94,40,73,45,94
 Angola,3,19,31,30,43,46,56,41,27,23,30,23,36,28,36,29,42
 Angola,NULL,0,0,0,1,1,1,1,0,0,0,0,0,1,0,0,1
 Angola,2,15,13,16,14,13,21,17,9,15,15,13,19,14,15,14,23
 Antigua and Barbuda,3,10,8,13,11,16,16,8,13,4,16,6,9,5,4,9,14
 Antigua and Barbuda,4,30,22,23,33,37,36,35,15,22,30,33,30,22,15,13,30
 Antigua and Barbuda,1,8,5,10,10,13,14,6,14,8,16,6,6,6,4,8,10
 Antigua and Barbuda,NULL,0,1,1,1,1,1,1,1,1,1,0,1,0,1,1,0
 Antigua and Barbuda,2,10,8,12,16,15,19,16,16,11,18,8,11,8,6,7,17
 Argentina,NULL,19,3,7,20,21,36,26,6,4,23,20,15,15,12,19,12
 Argentina,2,278,189,233,448,400,625,529,144,181,512,444,558,172,357,281,406
 Argentina,4,2555,777,1056,3798,3338,5877,4353,480,877,3966,3130,3550,1515,1983,1638,2668
 Argentina,1,80,66,83,101,96,113,93,79,65,110,92,101,71,86,82,98
 Argentina,3,869,341,508,1307,1159,2039,1583,249,393,1421,1257,1495,477,803,680,1033
 Armenia,3,17,29,14,20,31,47,36,16,10,26,27,31,29,21,16,32
 Armenia,NULL,2,1,1,1,4,3,3,0,0,3,2,2,1,1,2,4
 Armenia,2,10,15,15,13,19,24,21,9,8,15,15,14,15,13,11,17
 Armenia,1,8,10,16,14,15,20,14,16,13,11,16,13,11,6,11,16
 Armenia,4,50,46,56,66,115,122,110,18,32,78,69,76,53,56,62,111
 Australia,105,0,0,0,151,151,0,151,151,0,0,128,0,151,0,0,0
 Australia,1,1631,718,1228,1724,1747,3214,1464,815,563,2873,1638,1307,381,745,1181,1199
 Australia,4,7605,3169,4140,10246,8658,13113,9696,5225,4808,9777,9655,7886,6566,9475,9023,7067
 Australia,0,1,0,0,2,1,1,1,1,1,2,1,2,1,2,2,0
 Australia,3,1700,3590,3036,6923,6649,7727,5057,3709,4383,6691,5556,4076,4693,5242,4133,3816
 Australia,NULL,679,49,541,1562,1127,2747,1629,546,305,1630,2000,625,640,2151,1551,1501
 Australia,2,3817,3251,4725,6574,6810,10939,7141,5240,3906,9594,6001,4674,5035,4918,6068,7165
 Austria,NULL,21,5,7,30,17,46,28,6,10,26,22,23,21,31,23,14
 Austria,2,60,21,41,70,63,81,55,28,25,59,61,55,51,58,48,51
 Austria,3,73,32,50,123,84,145,94,38,36,93,100,75,88,102,68,65
 Austria,1,13,7,8,19,21,20,14,11,8,12,11,17,11,13,13,15
 Austria,4,435,67,152,558,364,706,480,105,124,429,460,374,363,474,418,217
 Azerbaijan,3,55,78,76,64,97,113,73,55,35,58,67,79,67,63,55,82
 Azerbaijan,NULL,2,3,6,2,6,13,10,3,3,7,5,5,4,7,5,7
 Azerbaijan,2,26,27,26,20,37,44,30,25,17,19,22,27,25,19,18,42
 Azerbaijan,1,8,17,16,14,20,27,21,17,18,14,15,19,18,16,15,23
 Azerbaijan,4,79,109,109,108,167,192,133,83,58,99,89,104,109,89,93,134
 Bahamas,3,6,7,14,11,14,19,19,5,8,13,9,15,10,10,10,11
 Bahamas,1,2,2,4,1,3,4,0,6,0,4,3,2,2,2,6,1
 Bahamas,4,25,34,37,49,59,74,59,30,31,52,36,57,27,43,36,53
 Bahamas,2,6,4,5,13,6,11,10,5,6,14,7,7,8,8,13,9
 Bahrain,3,315,291,260,352,576,535,359,125,96,224,103,446,417,224,511,664
 Bahrain,NULL,1,0,0,3,2,4,3,2,0,1,3,5,3,5,3,4
 Bahrain,2,240,266,403,604,751,867,451,407,221,467,323,615,285,380,516,649
 Bahrain,1,30,52,94,79,111,138,82,50,45,84,50,81,45,50,48,88
 Bahrain,4,591,530,771,927,1688,1885,1447,353,401,974,503,1280,1087,1314,810,1587
 Bangladesh,1,788,875,970,907,1060,1146,903,887,859,1007,777,839,814,859,933,1002
 Bangladesh,4,2606,2956,2268,2438,4339,6558,5316,2571,1292,2891,2094,4291,2701,2993,2774,5944
 Bangladesh,3,1981,2467,2427,2665,3392,4955,3979,2919,1721,2433,2029,3174,2271,2328,2640,4028
 Bangladesh,NULL,38,41,54,45,87,118,76,32,24,65,34,51,27,40,36,90
 Bangladesh,2,577,577,690,818,1007,1293,819,591,569,821,456,700,483,592,725,962
 Barbados,2,10,8,9,8,4,9,5,8,7,9,11,6,3,7,8,8
 Barbados,4,57,28,30,80,88,115,99,33,30,104,50,103,41,70,63,88
 Barbados,1,7,7,11,7,13,9,4,7,6,10,6,9,8,4,6,12
 Barbados,3,8,3,6,10,15,12,10,8,7,12,8,14,5,11,10,5
 Belarus,1,31,36,36,67,89,88,73,55,31,66,75,83,51,65,24,54
 Belarus,0,1,1,0,1,1,2,0,0,0,1,2,2,0,1,0,0
 Belarus,3,251,384,331,533,996,961,881,495,288,541,652,835,565,536,166,498
 Belarus,NULL,3,1,1,3,4,4,5,0,1,2,3,1,4,3,4,3
 Belarus,2,75,109,114,189,268,342,251,153,84,178,207,242,177,152,79,214
 Belarus,4,1123,1760,1477,2513,5512,5105,5417,2115,1225,2853,3532,4764,3446,3255,762,2188
 Belgium,2,62,36,35,68,57,78,57,42,37,52,69,67,46,57,64,41
 Belgium,NULL,71,8,18,63,38,81,64,9,16,54,48,35,46,52,46,30
 Belgium,1,21,16,17,23,27,23,23,20,18,24,27,25,21,12,18,21
 Belgium,4,864,181,275,917,738,1283,883,209,244,831,796,672,601,741,756,462
 Belgium,3,155,84,98,187,145,219,187,90,91,164,171,158,116,160,148,114
 Belize,NULL,3,0,1,2,1,3,3,0,0,0,0,2,0,3,0,0
 Belize,2,6,9,11,4,12,10,10,7,4,6,8,7,8,6,7,11
 Belize,3,11,9,10,12,13,16,11,5,6,14,10,11,7,12,7,14
 Belize,1,2,5,4,5,8,0,4,7,3,3,5,2,2,1,4,5
 Belize,4,27,17,21,50,57,74,56,15,15,51,44,65,21,44,35,56
 Benin,NULL,0,0,0,2,3,3,2,2,1,3,0,2,2,2,2,0
 Benin,2,8,9,10,10,12,18,7,17,9,8,7,10,9,9,6,14
 Benin,3,85,64,85,105,110,185,88,132,75,85,90,132,69,98,105,138
 Benin,4,194,162,122,283,338,422,246,210,178,237,161,242,137,161,159,298
 Benin,1,7,5,8,13,14,18,5,12,7,11,8,7,11,7,14,15
 Bhutan,4,253,258,510,397,1070,1215,880,274,154,475,422,672,272,398,542,1013
 Bhutan,1,12,41,46,32,63,77,39,37,30,20,23,23,18,17,41,48
 Bhutan,NULL,7,18,28,22,49,47,29,10,8,14,27,21,16,16,22,42
 Bhutan,2,46,125,235,140,347,418,233,103,47,119,172,172,75,91,205,361
 Bhutan,3,42,69,102,90,216,242,147,58,22,79,114,127,43,70,132,222
 Bolivia (Plurinational State of),4,321,94,112,333,387,560,317,115,86,370,374,380,144,210,266,351
 Bolivia (Plurinational State of),1,11,9,11,8,12,13,13,15,12,10,15,12,13,13,13,18
 Bolivia (Plurinational State of),NULL,4,0,1,5,4,3,2,1,2,2,5,3,3,2,3,2
 Bolivia (Plurinational State of),2,16,10,12,16,30,27,23,11,9,18,23,32,10,20,29,20
 Bolivia (Plurinational State of),3,72,57,56,84,114,143,79,72,26,112,113,144,21,71,74,113
 Bosnia and Herzegovina,1,3,11,21,22,26,18,17,11,12,11,20,18,12,12,7,13
 Bosnia and Herzegovina,4,238,444,641,537,1310,1277,906,195,227,504,407,1007,340,603,524,1515
 Bosnia and Herzegovina,0,0,0,0,2,0,2,0,1,1,0,0,0,1,2,1,2
 Bosnia and Herzegovina,3,130,319,524,391,1054,944,715,147,171,411,299,780,239,425,391,1177
 Bosnia and Herzegovina,NULL,5,3,3,6,8,10,11,1,2,4,5,7,2,4,2,11
 Bosnia and Herzegovina,2,30,75,154,127,241,279,204,72,57,98,113,213,68,106,145,279
 Botswana,1,2,2,4,6,2,5,2,4,4,3,2,2,2,3,1,2
 Botswana,4,61,76,81,170,209,231,191,68,64,107,54,159,81,114,115,167
 Botswana,3,20,33,30,61,89,91,56,28,33,37,27,63,34,47,36,70
 Botswana,2,4,7,7,7,8,15,14,3,4,4,1,10,8,10,8,10
 Brazil,NULL,27,13,6,32,37,59,45,5,5,23,28,33,16,19,28,20
 Brazil,2,621,1836,1276,1855,3869,4111,3208,747,865,2400,2017,2829,670,1682,1214,1918
 Brazil,0,0,1,1,2,1,2,1,1,0,0,1,1,0,0,0,1
 Brazil,3,1607,4066,2264,4131,7891,8079,7220,1335,1148,3785,5340,6123,1427,4024,2557,3593
 Brazil,4,6284,7834,3335,14318,20046,25511,21121,2520,2926,11504,15167,16078,5442,10246,6631,7619
 Brazil,1,718,2520,2370,2460,5487,4703,3894,1019,1451,4475,2203,3901,654,1850,1441,2910
 Brunei Darussalam,NULL,0,0,0,1,1,1,0,0,1,1,0,0,0,0,0,1
 Brunei Darussalam,2,0,1,4,6,2,6,4,4,4,3,5,5,3,3,4,4
 Brunei Darussalam,3,5,6,4,7,10,14,12,7,7,8,10,11,7,9,7,8
 Brunei Darussalam,1,1,5,3,2,8,7,0,4,2,8,8,6,4,5,2,7
 Brunei Darussalam,4,31,25,34,57,65,87,67,33,26,53,46,62,18,36,29,57
 Bulgaria,NULL,10,8,7,11,32,29,25,5,10,15,19,24,4,9,7,26
 Bulgaria,2,17,19,15,16,36,45,27,16,17,22,27,25,15,18,12,33
 Bulgaria,3,40,25,37,41,75,81,75,30,24,45,62,59,33,45,24,72
 Bulgaria,1,8,7,8,11,13,12,9,16,7,7,16,11,8,7,8,9
 Bulgaria,4,155,66,109,158,312,353,304,79,74,191,227,240,99,160,117,253
 Burkina Faso,3,68,70,85,146,167,212,127,62,49,123,74,109,74,67,63,129
 Burkina Faso,1,5,9,11,16,26,24,11,9,3,14,7,13,14,7,6,17
 Burkina Faso,4,168,126,111,322,400,431,286,108,112,244,151,230,131,148,114,291
 Burkina Faso,NULL,6,1,0,10,13,12,5,2,1,9,2,7,3,6,7,7
 Burkina Faso,2,38,46,61,77,119,128,82,35,35,81,33,67,55,43,37,97
 Burundi,3,8,7,8,15,21,28,10,18,5,10,12,17,15,13,10,13
 Burundi,1,0,1,1,4,0,2,3,1,4,2,2,2,3,2,1,2
 Burundi,4,34,19,27,59,83,100,73,35,23,61,42,61,55,48,49,66
 Burundi,NULL,1,1,1,0,3,3,3,0,0,2,0,2,2,2,1,3
 Burundi,2,2,4,6,6,3,7,3,7,5,5,7,3,3,7,4,6
 Cambodia,3,31,31,46,33,87,99,66,44,17,26,49,53,56,35,52,74
 Cambodia,NULL,3,5,4,4,6,12,10,5,1,2,6,4,6,5,4,6
 Cambodia,2,9,21,22,17,32,30,25,19,13,12,23,19,16,17,15,29
 Cambodia,1,14,16,14,14,24,27,18,25,10,13,19,19,20,6,16,29
 Cambodia,4,110,110,87,141,285,363,256,60,61,132,193,173,208,121,129,226
 Cameroon,0,0,2,2,2,2,2,0,0,2,0,0,0,0,0,0,0
 Cameroon,3,2136,3254,3175,3322,3337,3082,2858,3174,3059,3437,2727,2662,2113,2253,1860,2557
 Cameroon,NULL,209,398,265,465,469,538,324,240,284,273,362,223,222,178,205,220
 Cameroon,2,2622,4052,3799,3988,4028,3869,3230,3431,3335,3731,3254,3100,3032,3014,2588,3171
 Cameroon,4,1580,3113,2920,3801,4362,4354,2880,2359,2541,2962,2163,2269,1595,2089,1381,3559
 Cameroon,1,9058,16536,18794,18669,18304,19550,18743,17704,16387,17549,16381,14815,12415,10846,8605,8313
 Canada,0,5,1,8,17,11,17,9,0,4,10,8,8,1,4,9,2
 Canada,3,554,135,251,803,636,770,762,150,210,793,681,561,343,598,586,356
 Canada,1,61,27,35,110,92,121,85,44,34,105,97,91,36,55,82,41
 Canada,4,3601,621,1202,4664,3528,4956,4507,690,903,4654,3987,2894,2250,3599,3701,1803
 Canada,NULL,94,17,24,100,73,123,107,15,19,101,77,59,63,80,93,47
 Canada,2,310,119,203,607,455,627,447,144,131,546,435,392,196,403,407,262
 Cape Verde,3,14,13,44,34,76,74,57,10,17,32,16,68,20,37,26,78
 Cape Verde,NULL,6,9,33,25,46,40,34,2,14,20,10,41,11,16,8,44
 Cape Verde,2,7,17,38,35,59,61,49,13,24,22,30,66,20,31,20,71
 Cape Verde,1,4,34,71,32,75,52,28,23,35,29,46,69,33,30,15,55
 Cape Verde,4,103,50,126,209,323,330,207,39,64,159,61,280,81,121,121,297
 Central African Republic,1,0,0,0,0,0,0,0,0,0,0,0,0,0,0,0,0
 Central African Republic,4,14,10,9,24,21,34,23,8,8,21,13,25,6,14,10,14
 Central African Republic,NULL,0,0,2,0,1,1,1,0,2,1,1,1,1,0,0,1
 Central African Republic,2,0,0,1,0,0,0,1,1,0,0,0,1,0,1,0,1
 Central African Republic,3,3,4,2,3,2,5,2,4,2,2,1,3,3,1,2,3
 Chad,1,0,1,1,2,2,3,1,1,1,3,1,4,2,1,1,0
 Chad,4,14,8,14,24,31,35,24,13,7,22,8,14,13,17,12,26
 Chad,NULL,0,0,0,1,1,1,0,0,1,1,0,0,0,0,0,1
 Chad,2,0,4,2,2,2,4,3,3,3,5,0,2,3,3,2,4
 Chad,3,1,4,2,3,2,4,1,3,3,4,2,3,3,3,3,1
 Chile,1,35,27,33,45,54,57,42,36,41,45,61,58,34,48,44,37
 Chile,4,583,107,221,586,820,1178,657,117,251,687,828,572,297,524,574,493
 Chile,3,152,47,87,166,269,351,170,52,93,212,252,216,65,152,152,149
 Chile,NULL,8,1,1,4,7,13,9,4,3,5,10,3,6,6,10,6
 Chile,2,81,50,67,82,115,141,94,60,53,101,116,117,48,102,96,87
 China,NULL,20,69,16,225,224,239,46,123,178,249,26,35,26,45,100,256
 China,2,13658,14195,13609,14175,13218,13267,13823,13013,13342,13822,13731,13992,13361,13542,12486,12881
 China,1,18524,19290,18881,19028,19103,18646,18960,18882,18917,18782,18821,18867,18982,19282,18490,17931
 China,4,78174,89936,84199,80170,65719,58786,75718,46282,61855,64356,69665,54868,68985,57431,48820,71126
 China,3,21091,23415,21864,21902,19649,19282,21543,18551,19405,20595,20446,21000,20083,19997,17611,19136
 Colombia,1,36,92,122,115,215,214,126,39,49,155,100,172,34,125,97,166
 Colombia,3,623,603,646,1012,1613,1975,1256,364,265,1128,1262,1093,339,656,881,1486
 Colombia,4,2472,1178,1048,3349,3855,5559,4069,590,648,3206,3817,2774,1072,1699,2007,3493
 Colombia,NULL,20,11,24,28,34,57,24,12,12,22,24,26,11,18,22,44
 Colombia,2,281,618,512,1005,1572,1850,1073,305,268,912,923,1122,353,740,1051,1027
 Comoros,1,0,0,0,0,0,0,0,0,0,0,0,0,0,0,0,0
 Comoros,4,16,17,9,25,23,32,21,6,18,22,21,13,7,8,7,13
 Comoros,3,0,1,0,2,1,1,0,1,0,1,0,1,0,2,1,1
 Comoros,NULL,1,0,0,0,0,1,0,0,0,0,0,1,0,1,1,1
 Comoros,2,1,1,0,0,0,0,0,0,0,0,1,0,1,1,0,1
 Congo,3,28,41,53,61,75,94,37,46,26,61,37,47,27,24,35,60
 Congo,NULL,1,0,1,0,1,1,1,0,0,1,0,0,0,0,0,0
 Congo,2,36,28,53,47,138,164,34,41,31,74,30,88,41,90,79,136
 Congo,1,11,9,12,32,27,53,11,34,27,25,5,24,13,9,17,49
 Congo,4,32,45,41,71,75,102,49,35,31,52,29,48,32,35,26,63
 Costa Rica,3,106,69,90,144,148,203,151,60,52,137,178,195,40,124,130,166
 Costa Rica,NULL,5,1,2,5,6,6,4,0,2,4,6,6,0,2,2,3
 Costa Rica,2,25,40,48,42,65,69,54,35,20,53,60,63,18,36,52,58
 Costa Rica,4,412,154,114,502,446,697,539,100,116,493,558,483,149,272,331,412
 Costa Rica,1,8,7,7,7,10,16,14,6,5,8,18,14,5,5,9,5
 Cote d'Ivoire,NULL,3,4,10,10,20,19,16,2,2,14,6,16,7,11,4,18
 Cote d'Ivoire,2,367,1271,1343,1188,2241,2250,1126,977,421,1454,676,1537,781,648,562,2256
 Cote d'Ivoire,0,0,3,1,3,6,3,4,1,0,3,0,4,1,1,0,6
 Cote d'Ivoire,3,503,1285,1601,1517,2777,2723,1556,1315,578,1976,820,1896,960,1019,814,2970
 Cote d'Ivoire,6,0,0,0,1,1,0,1,0,0,1,0,1,0,0,0,1
 Cote d'Ivoire,32,1,0,0,0,1,1,0,1,0,0,0,1,0,0,0,1
 Cote d'Ivoire,1,83,392,357,448,774,633,263,233,186,621,142,394,262,181,206,646
 Cote d'Ivoire,4,870,1259,1348,2166,3717,3831,2394,1280,472,2115,1135,2209,1515,1238,822,3519
 Croatia,NULL,2,1,2,5,7,11,9,1,3,7,7,5,4,5,5,10
 Croatia,2,12,11,22,27,26,30,23,17,7,19,21,19,8,19,18,33
 Croatia,1,3,3,7,5,3,2,5,8,5,4,8,6,3,4,4,8
 Croatia,4,79,15,65,129,139,199,162,45,49,122,123,131,74,123,97,179
 Croatia,3,19,11,29,43,41,57,37,22,17,34,39,41,17,39,33,51
 Cuba,NULL,1,0,0,0,0,1,0,0,0,0,1,0,1,0,1,1
 Cuba,2,0,0,1,0,3,2,2,1,0,0,0,3,1,2,1,2
 Cuba,3,4,3,2,4,6,5,7,4,3,4,5,6,6,8,4,1
 Cuba,1,2,0,1,3,2,3,2,2,1,1,3,1,3,3,2,1
 Cuba,4,34,12,18,34,50,57,49,33,9,64,27,30,34,28,27,46
 Cyprus,NULL,5,5,5,6,5,12,10,2,4,6,8,7,10,12,8,9
 Cyprus,2,0,0,3,1,4,4,2,2,1,3,0,0,1,0,1,2
 Cyprus,1,0,1,0,1,1,1,0,1,1,1,1,1,0,0,1,2
 Cyprus,4,59,37,66,86,110,146,124,33,31,96,61,115,56,91,86,112
 Cyprus,3,14,9,18,14,28,29,29,9,2,13,18,24,12,16,9,26
 Czech Republic,1,22,27,33,30,41,55,27,31,19,24,31,48,33,31,33,38
 Czech Republic,4,2433,2569,1541,1256,2436,2649,1893,1026,1059,1869,1551,1918,1232,1323,1172,2315
 Czech Republic,NULL,2,1,2,3,6,9,7,2,1,7,4,2,5,3,4,2
 Czech Republic,2,80,118,78,116,128,162,129,95,66,93,126,132,97,103,108,139
 Czech Republic,0,0,0,1,0,0,1,1,0,0,0,1,0,1,1,0,0
 Czech Republic,3,1530,1866,1275,1128,1914,2196,1501,823,771,1224,1292,1757,973,1119,1078,1936
 Democratic People's Republic of Korea,3,12,14,20,25,30,27,36,14,19,26,18,33,13,23,21,17
 Democratic People's Republic of Korea,2,3,1,11,11,10,8,17,4,5,9,10,21,7,11,12,10
 Democratic People's Republic of Korea,1,2,1,1,2,3,4,1,0,1,1,3,2,1,0,1,1
 Democratic People's Republic of Korea,4,68,109,175,202,265,210,368,72,109,202,210,371,127,259,143,200
 Democratic Republic of the Congo,4,2367,3647,3590,4493,6084,9757,5896,2595,2250,5482,2544,6515,5164,4348,3290,8262
 Democratic Republic of the Congo,NULL,322,492,384,535,722,1231,660,432,293,688,307,902,828,556,502,920
 Democratic Republic of the Congo,2,221,702,616,705,876,1494,905,340,283,829,320,1036,448,429,588,1179
 Democratic Republic of the Congo,3,869,1359,1265,1565,2031,3377,1934,1060,840,1947,769,2474,1709,1606,1360,2782
 Democratic Republic of the Congo,1,172,296,226,364,345,684,289,224,203,442,200,439,359,315,254,574
 Denmark,1,136,30,82,219,142,184,106,75,57,160,142,173,105,117,109,95
 Denmark,4,1264,106,391,1288,719,1487,1190,249,232,1000,1033,769,1077,1160,895,426
 Denmark,NULL,11,1,3,15,14,19,11,1,4,9,10,8,12,5,11,4
 Denmark,2,195,49,93,246,168,227,176,67,68,172,189,184,146,173,149,92
 Denmark,3,239,36,104,330,190,287,252,60,58,196,231,208,239,261,164,73
 Djibouti,NULL,0,1,2,2,4,4,3,1,3,3,1,1,5,1,1,3
 Djibouti,2,0,1,1,0,1,1,2,0,0,1,1,0,1,1,0,2
 Djibouti,3,5,6,14,15,6,17,10,8,7,8,6,11,5,5,6,7
 Djibouti,4,9,11,10,24,32,38,22,4,8,25,12,14,17,15,14,21
 Djibouti,1,1,0,0,1,0,0,0,0,1,1,1,1,0,0,0,0
 Dominica,2,0,0,0,0,0,0,0,0,0,0,0,0,0,0,0,0
 Dominica,1,0,0,0,0,0,0,0,0,0,0,0,0,0,0,0,0
 Dominica,4,11,4,10,11,18,20,14,2,6,11,17,12,9,10,6,19
 Dominica,3,2,1,2,1,3,4,3,2,1,2,2,3,1,1,1,1
 Dominican Republic,1,9468,14424,35476,24011,58530,62163,18698,9199,17732,41277,15056,21773,7094,24352,14007,60378
 Dominican Republic,4,3334,4292,8571,7255,16718,18461,7321,2806,5304,11881,5617,8228,2518,6444,5343,17902
 Dominican Republic,6,0,0,0,0,1,1,1,1,0,0,0,0,1,0,0,1
 Dominican Republic,9,0,0,0,0,0,1,0,0,0,1,0,1,0,1,1,1
 Dominican Republic,12,0,1,1,0,1,0,1,0,0,0,0,1,0,0,0,1
 Dominican Republic,1977,0,1,0,0,1,1,0,0,0,1,0,1,0,0,0,1
 Dominican Republic,0,0,1,0,2,1,2,0,0,0,2,2,0,0,0,1,1
 Dominican Republic,3,6514,11213,22889,15710,40583,44333,15014,7353,12461,27261,11628,19328,5085,15467,12271,44159
 Dominican Republic,NULL,140,177,344,352,629,822,488,346,172,490,240,549,186,321,293,738
 Dominican Republic,2,7974,12148,25597,17492,43426,47503,16153,8377,14400,29571,12913,19645,5833,18030,12869,46375
 Dominican Republic,5,0,0,2,1,1,3,1,0,1,3,0,1,0,2,0,3
 Ecuador,0,6,0,0,10,3,9,5,1,2,3,7,6,5,3,4,2
 Ecuador,3,367,233,482,610,839,1106,702,281,271,697,670,838,391,553,734,936
 Ecuador,1,59,75,94,98,127,151,84,51,54,102,103,102,62,82,88,125
 Ecuador,4,1142,333,626,1409,1851,2571,1527,422,413,1669,1672,1875,660,981,1303,1858
 Ecuador,NULL,16,2,2,19,14,23,14,1,3,14,16,14,6,7,9,14
 Ecuador,2,145,133,243,233,335,393,274,149,159,271,249,315,139,220,300,392
 Egypt,1,122,135,142,175,184,226,161,153,126,143,98,155,127,128,130,176
 Egypt,3,396,1024,1108,1253,1561,1981,1348,776,781,1115,426,1274,898,811,675,1653
 Egypt,NULL,24,135,94,121,184,244,151,28,23,118,21,141,109,80,73,196
 Egypt,2,157,324,326,414,430,609,368,290,300,388,179,392,274,280,286,435
 Egypt,4,957,4215,3637,5301,7539,9214,5667,1467,1815,5402,1071,5718,3495,3217,2139,6580
 El Salvador,NULL,4,0,1,2,3,7,6,0,1,1,3,5,0,4,4,5
 El Salvador,2,6,4,13,8,4,13,13,2,4,8,10,12,4,5,11,9
 El Salvador,1,5,0,9,8,8,9,7,6,6,8,5,9,3,0,4,3
 El Salvador,4,228,55,110,254,332,488,346,40,40,295,279,407,90,122,219,353
 El Salvador,3,36,10,29,47,51,93,49,16,10,76,63,85,17,19,52,79
 Equatorial Guinea,2,1,0,2,4,2,4,4,1,1,2,1,2,1,2,1,2
 Equatorial Guinea,1,1,0,1,0,1,1,0,1,2,2,0,0,0,1,2,1
 Equatorial Guinea,4,3,7,6,9,12,17,9,7,3,11,5,6,3,5,5,6
 Equatorial Guinea,3,2,0,2,4,1,4,3,1,1,1,2,2,1,3,1,2
 Eritrea,3,1,0,2,0,0,1,1,0,0,2,2,1,1,3,2,2
 Eritrea,1,0,0,1,0,1,1,0,0,0,0,0,1,1,0,1,0
 Eritrea,4,2,6,4,9,9,14,12,1,4,10,6,10,6,12,12,9
 Eritrea,NULL,0,0,0,0,0,1,1,1,1,0,0,0,0,1,1,0
 Eritrea,2,0,1,2,2,3,1,2,1,2,0,1,0,1,2,0,0
 Estonia,3,19,13,19,26,31,46,26,10,10,25,25,24,10,23,9,32
 Estonia,NULL,20,22,26,43,55,88,60,28,26,44,47,59,33,37,33,57
 Estonia,2,5,11,6,15,19,26,19,15,3,20,11,16,6,7,6,13
 Estonia,1,4,10,7,10,14,20,3,17,5,8,10,11,4,6,10,17
 Estonia,4,57,32,34,92,89,132,91,34,45,105,81,74,35,61,48,64
 Ethiopia,NULL,52,36,40,50,74,113,70,69,15,39,50,50,71,61,45,97
 Ethiopia,2,207,244,244,279,357,484,303,401,205,201,221,222,285,292,355,341
 Ethiopia,1,240,219,248,231,262,359,241,338,165,167,203,200,242,238,300,260
 Ethiopia,4,3966,3605,3469,4879,6899,7708,6356,4083,2229,3982,3781,4536,5492,4557,4085,7027
 Ethiopia,3,1371,1533,1540,1706,2438,3063,1915,2065,892,1125,1441,1563,1986,1753,2028,2452
 Fiji,2,138,160,174,137,262,426,230,165,107,138,148,187,111,115,135,387
 Fiji,NULL,4,0,1,0,3,2,5,0,1,2,2,4,1,5,3,3
 Fiji,3,53,59,73,60,134,151,79,46,32,75,60,82,51,66,64,156
 Fiji,1,11,19,25,15,47,48,22,13,13,18,13,19,13,12,6,35
 Fiji,4,278,237,269,352,544,600,446,117,169,401,292,379,202,276,308,604
 Finland,3,48,16,27,101,53,87,89,23,42,80,62,80,60,56,68,38
 Finland,1,9,8,15,22,18,16,14,10,6,16,21,17,11,14,8,11
 Finland,4,350,46,119,486,302,592,433,115,118,414,341,344,263,369,411,223
 Finland,NULL,15,0,2,24,12,21,14,1,2,15,12,6,11,16,14,3
 Finland,2,28,5,16,46,33,42,31,14,9,36,40,34,23,23,33,17
 France,3,641,128,258,863,598,911,691,208,251,787,775,708,392,673,660,370
 France,NULL,157,19,51,211,129,241,157,26,31,183,167,104,131,145,146,58
 France,2,192,71,119,308,227,342,226,127,83,272,276,296,122,233,258,183
 France,1,32,18,28,59,46,67,39,28,26,60,46,50,31,42,52,36
 France,4,3607,511,904,4285,2736,5204,3494,634,953,3665,3813,2912,2459,3292,3354,1566
 Gabon,NULL,3,7,0,5,3,11,9,9,9,10,2,3,1,4,2,0
 Gabon,2,13,20,13,22,47,40,43,16,15,21,25,46,26,13,36,30
 Gabon,3,66,217,57,111,324,324,284,186,37,142,69,222,89,87,104,289
 Gabon,1,2,3,3,5,3,4,6,1,2,2,4,8,7,4,6,6
 Gabon,4,128,559,155,254,822,761,690,414,99,311,180,517,220,176,248,730
 Gambia,NULL,2,1,0,2,4,4,1,1,2,2,0,0,1,0,1,3
 Gambia,2,2,7,4,2,5,12,5,5,5,5,2,4,2,1,2,7
 Gambia,4,36,32,28,67,104,115,78,23,40,61,30,60,59,46,49,77
 Gambia,1,0,0,0,1,0,1,0,1,1,1,0,0,0,0,1,0
 Gambia,3,5,16,17,27,40,35,27,15,12,33,9,28,16,24,12,37
 Georgia,1,13,21,21,21,38,57,30,12,17,20,22,50,25,25,33,42
 Georgia,4,390,483,935,512,1693,2001,1280,408,256,895,824,1342,808,928,724,1809
 Georgia,NULL,3,4,7,4,7,7,1,0,0,2,4,7,6,5,4,5
 Georgia,2,34,23,61,27,92,112,64,34,21,34,59,74,45,56,40,88
 Georgia,3,53,62,114,74,170,202,132,50,47,91,85,119,80,106,92,178
 Germany,3,413,73,151,511,328,643,433,145,153,387,485,338,414,465,351,228
 Germany,NULL,86,6,33,77,59,122,79,17,15,65,66,54,87,75,76,36
 Germany,2,207,44,90,247,158,282,169,79,79,177,206,173,187,229,165,103
 Germany,4,1760,259,552,2016,1297,2799,1922,514,493,1706,1904,1260,1602,1810,1486,812
 Germany,1,43,21,34,83,71,72,44,41,40,56,61,58,57,67,53,43
 Ghana,0,0,1,1,2,3,2,1,0,1,3,1,0,1,1,0,1
 Ghana,3,2635,5276,7185,9615,15056,18727,9531,8432,4730,10800,4336,10590,4630,6868,5975,16738
 Ghana,2,1163,3281,3683,5253,7600,8596,3951,3191,3037,4910,2111,3844,1911,2465,2543,7633
 Ghana,NULL,1127,1859,2399,3630,5674,7468,4364,3571,1557,4529,1972,4600,1970,3045,2785,6581
 Ghana,1,570,2466,2221,3502,4558,4438,2150,1496,1870,2991,1045,1981,932,1199,1355,4157
 Ghana,4,2264,3941,4883,7404,11185,13421,7893,5381,3700,7745,3517,7333,3310,4769,4244,12033
 Greece,NULL,4,0,6,7,11,16,14,3,3,10,6,10,7,10,3,10
 Greece,2,19,13,20,30,27,42,38,19,13,21,22,38,22,17,16,28
 Greece,3,42,31,59,76,105,112,89,21,24,51,74,83,37,58,44,93
 Greece,1,6,9,9,10,13,13,14,8,7,6,13,13,10,12,5,15
 Greece,4,319,89,282,385,622,673,564,96,116,377,388,476,300,289,220,490
 Grenada,1,0,1,1,0,2,1,0,2,0,1,0,1,0,0,1,2
 Grenada,4,12,4,10,14,24,28,16,4,7,19,11,16,6,8,12,25
 Grenada,NULL,1,0,0,1,1,2,2,0,0,0,0,1,0,1,1,2
 Grenada,2,0,1,1,0,0,1,1,0,0,1,0,0,0,0,0,1
 Grenada,3,2,0,2,3,2,2,0,0,1,3,2,2,0,2,1,2
 Guatemala,1,10,22,33,33,68,77,39,33,18,38,48,37,20,42,59,65
 Guatemala,4,315,163,183,501,644,949,691,92,109,603,516,731,162,289,485,701
 Guatemala,3,70,56,93,132,202,307,175,69,42,178,148,225,40,90,176,258
 Guatemala,NULL,4,0,0,4,4,4,6,0,1,6,1,5,3,2,4,4
 Guatemala,2,13,14,21,28,39,57,35,24,13,35,30,35,6,15,36,43
 Guinea,3,15,11,20,21,20,34,25,25,15,17,22,18,14,18,19,24
 Guinea,NULL,4,1,2,4,4,4,1,2,2,4,0,2,1,0,1,4
 Guinea,2,4,11,3,9,11,18,4,2,3,11,3,11,2,4,13,5
 Guinea,1,0,1,2,2,0,1,1,1,1,3,2,2,0,1,0,1
 Guinea,4,42,43,45,87,107,119,73,46,44,69,48,70,31,37,35,64
 Guinea-Bissau,3,0,1,0,2,2,3,2,1,1,3,0,1,0,0,0,2
 Guinea-Bissau,NULL,0,1,0,0,1,2,1,0,1,0,1,2,1,0,1,1
 Guinea-Bissau,2,0,0,0,0,0,0,0,0,0,0,0,0,0,0,0,0
 Guinea-Bissau,1,0,0,2,2,3,3,1,0,0,2,1,2,0,0,1,1
 Guinea-Bissau,4,5,3,1,13,14,14,11,1,4,8,6,7,4,4,4,4
 Guyana,1,4,5,2,3,7,1,5,6,6,2,5,5,8,5,6,2
 Guyana,4,38,21,16,49,79,95,88,14,33,57,36,86,33,56,41,86
 Guyana,NULL,1,2,1,1,2,3,4,1,0,3,1,2,1,2,2,4
 Guyana,3,8,3,3,8,8,13,4,5,6,7,6,11,4,7,10,5
 Guyana,2,5,3,2,3,4,7,3,7,4,5,3,5,2,4,2,8
 Haiti,NULL,46,99,204,137,263,280,121,63,50,202,69,83,67,111,52,259
 Haiti,2,170,656,714,505,1160,1373,721,359,274,797,370,701,151,285,284,928
 Haiti,0,0,0,0,2,2,2,1,0,0,1,0,0,2,0,1,1
 Haiti,1983,0,1,0,1,1,0,0,0,0,1,0,0,0,1,0,1
 Haiti,3,178,329,463,402,707,841,364,235,155,442,258,352,162,176,206,631
 Haiti,1,95,259,360,300,539,584,252,124,141,461,113,174,95,148,136,574
 Haiti,4,230,390,426,489,865,991,518,198,226,502,383,457,202,267,236,710
 Honduras,1,2,6,6,5,6,14,9,4,3,12,8,11,3,4,3,6
 Honduras,4,146,78,135,207,343,476,387,47,56,239,230,422,84,150,186,321
 Honduras,NULL,2,0,0,3,1,5,5,0,2,2,1,2,1,2,2,2
 Honduras,2,9,20,33,23,34,57,41,6,8,33,33,52,14,29,18,34
 Honduras,3,28,32,57,47,91,129,112,23,22,70,79,104,19,41,45,97
 Hungary,NULL,59,10,41,75,74,104,87,11,31,61,64,55,71,73,45,69
 Hungary,2,43,26,19,42,51,73,50,32,31,37,52,51,31,44,29,57
 Hungary,3,90,40,43,93,121,128,109,21,58,88,109,116,57,91,47,103
 Hungary,1,9,13,11,18,20,11,12,12,12,14,17,13,14,12,12,19
 Hungary,4,297,80,125,339,360,465,357,91,156,323,339,315,204,267,203,273
 Iceland,3,20,12,9,28,20,37,26,15,11,21,21,26,20,21,29,14
 Iceland,NULL,0,1,0,0,0,1,1,1,0,0,0,0,0,0,1,1
 Iceland,2,4,4,14,20,15,24,20,9,8,17,19,13,11,13,23,14
 Iceland,1,6,7,5,9,7,10,11,5,8,12,9,14,7,8,14,6
 Iceland,4,57,20,29,64,63,100,84,16,17,60,54,58,40,61,98,43
 India,1,5001,9999,12272,14323,21785,27316,13196,6863,7024,14460,12059,12184,5992,9619,14133,20163
 India,4,14243,19770,18424,27963,32624,40324,31813,15220,14088,26919,24278,30188,18816,18551,24310,33457
 India,3,9782,17021,19412,20663,30000,37567,22834,14990,13104,20661,18261,21709,12570,15890,22389,31271
 India,NULL,513,988,1454,1911,2119,3115,1566,659,891,1877,1124,1218,490,1134,1405,2429
 India,2,11554,25499,33217,34010,49223,67313,33247,17325,17961,36581,31786,34809,16363,26039,38345,48892
 India,5,1,0,1,1,1,0,0,0,0,0,1,0,0,0,1,0
 Indonesia,NULL,89,148,83,153,238,289,193,105,50,130,96,117,43,106,69,214
 Indonesia,2,502,917,842,858,1389,1742,1131,999,535,909,982,985,362,762,589,1095
 Indonesia,1,533,699,711,725,1009,1299,775,906,536,707,794,626,415,620,550,828
 Indonesia,4,3329,8093,4058,6186,13103,15662,12725,4427,2535,8307,8530,8306,2250,6448,2798,12375
 Indonesia,0,24,68,36,32,89,109,96,43,17,58,70,62,22,46,22,76
 Indonesia,3,1055,2669,2021,2063,4156,4891,4066,1933,1117,2724,2516,2821,850,2184,1283,3744
 Iran (Islamic Republic of),4,541,538,800,592,934,1161,1003,738,579,687,662,749,722,691,814,922
 Iran (Islamic Republic of),1,408,448,519,410,498,607,471,633,416,378,408,416,423,469,469,487
 Iran (Islamic Republic of),NULL,4,3,5,3,7,6,7,7,2,2,3,4,4,7,9,7
 Iran (Islamic Republic of),2,227,278,356,264,347,394,329,382,279,273,246,259,264,289,315,338
 Iran (Islamic Republic of),3,586,635,869,562,752,1011,865,739,649,685,607,702,628,610,730,798
 Iraq,3,75,100,157,118,152,212,184,119,127,111,78,165,103,139,130,153
 Iraq,1,19,40,29,24,39,35,39,23,33,30,22,38,34,32,29,39
 Iraq,4,138,261,434,311,554,708,706,189,286,272,155,641,320,440,296,590
 Iraq,NULL,6,5,7,7,16,11,8,2,3,4,4,12,7,8,5,15
 Iraq,2,24,47,63,49,56,74,69,47,56,45,25,70,38,41,46,60
 Ireland,1,5,3,4,2,2,5,2,6,3,4,4,6,2,3,4,5
 Ireland,4,401,90,168,548,542,695,604,110,113,538,393,446,277,470,455,340
 Ireland,3,43,22,35,71,76,79,75,34,23,66,51,68,30,58,38,59
 Ireland,NULL,12,2,3,17,18,26,15,4,2,13,7,6,9,15,17,8
 Ireland,2,30,11,26,57,51,80,54,21,15,42,36,50,40,49,45,41
 Israel,3,29,18,23,25,33,54,45,24,16,27,32,44,17,37,34,40
 Israel,1,12,12,10,11,13,24,15,9,11,11,14,20,8,12,9,13
 Israel,4,76,52,76,146,157,240,164,58,51,155,116,186,122,164,127,117
 Israel,NULL,4,6,4,4,8,14,11,3,3,7,5,8,8,13,7,9
 Israel,2,17,18,15,26,29,42,28,13,7,31,26,37,25,26,19,22
 Italy,2,41,23,36,50,57,81,67,23,20,48,54,48,35,52,54,60
 Italy,NULL,101,15,66,147,113,163,165,30,37,126,129,104,61,147,101,109
 Italy,3,210,70,164,286,242,352,329,90,104,204,255,222,130,260,203,247
 Italy,1,4,5,8,8,8,12,6,10,7,7,9,7,8,9,8,14
 Italy,4,829,218,421,956,867,1447,1294,263,300,821,892,764,566,1015,855,939
 Jamaica,NULL,3,1,3,0,2,4,2,0,0,3,2,4,0,2,4,6
 Jamaica,2,16,57,47,53,71,92,65,50,29,55,24,56,33,30,45,81
 Jamaica,1,4,9,5,11,12,9,7,7,5,11,6,13,6,7,7,17
 Jamaica,4,60,60,63,98,152,196,185,37,62,127,83,184,42,92,72,172
 Jamaica,3,14,21,32,37,54,69,46,28,22,37,33,54,13,30,18,54
 Japan,1,20,3,16,34,30,37,22,11,10,18,21,29,21,30,16,18
 Japan,4,873,611,675,1624,1811,2339,1582,468,890,1406,1343,1752,808,1284,955,1186
 Japan,NULL,12,9,18,35,32,40,27,9,13,27,21,19,16,25,25,31
 Japan,2,29,11,17,47,54,68,45,24,17,47,44,47,25,45,40,28
 Japan,0,0,0,0,1,1,0,1,0,0,1,1,1,0,0,0,0
 Japan,3,44,37,54,98,108,145,88,33,46,78,102,99,42,77,73,76
 Jordan,0,12,38,29,40,52,60,52,6,14,36,16,37,34,26,25,69
 Jordan,3,3118,6115,5037,5450,6368,7062,6807,3717,4088,5998,2824,6121,4848,3764,5443,7057
 Jordan,2,2998,5524,4348,5309,5976,6577,5785,4051,3814,5927,2973,5585,4126,3165,5631,5835
 Jordan,NULL,18,12,22,27,40,41,30,5,9,27,16,35,24,22,17,38
 Jordan,1,575,968,918,1053,1152,1330,1052,765,729,1121,593,1031,814,611,1024,1172
 Jordan,4,2894,8785,7265,7896,11538,12951,11640,4074,4385,8590,3242,8353,6760,6198,6153,13949
 Kazakhstan,NULL,3,2,2,6,8,7,7,0,1,5,5,4,5,7,2,2
 Kazakhstan,2,10,17,15,33,41,52,36,9,12,32,31,26,16,17,15,16
 Kazakhstan,3,32,63,60,103,150,192,127,47,57,107,105,137,49,80,38,75
 Kazakhstan,1,8,20,5,20,22,23,14,18,10,20,17,18,7,13,11,14
 Kazakhstan,4,141,217,181,338,519,564,461,132,123,294,333,384,177,250,105,251
 Kenya,1,1116,192,642,440,1024,911,1194,558,475,963,1064,1395,170,369,309,458
 Kenya,4,3102,1704,1484,3478,5045,5297,4444,2254,1774,3661,3785,4871,1265,2220,2041,3506
 Kenya,3,2333,810,1316,1738,2898,3058,2996,1584,1181,2110,2585,3337,738,1457,1131,1913
 Kenya,NULL,83,85,89,166,255,288,195,122,60,167,103,165,65,100,124,247
 Kenya,2,1525,412,842,769,1675,1604,1849,922,657,1301,1526,2071,350,689,615,919
 Kiribati,1,0,0,0,0,1,1,0,1,1,0,0,1,0,0,0,1
 Kiribati,4,11,15,20,19,23,30,22,6,8,20,5,13,9,8,8,29
 Kiribati,2,5,1,5,5,7,7,3,2,6,5,2,1,0,5,1,5
 Kiribati,3,5,9,3,6,7,11,5,4,2,1,1,7,1,1,3,12
 Kuwait,1,13,10,14,16,15,16,16,15,11,9,7,15,14,13,11,19
 Kuwait,4,71,70,109,101,204,224,193,67,56,121,69,170,88,114,88,163
 Kuwait,3,36,58,73,80,122,130,99,66,43,89,61,100,37,60,63,117
 Kuwait,NULL,3,6,1,5,3,5,4,1,5,1,5,5,3,2,1,5
 Kuwait,2,6,13,5,10,11,22,11,7,6,8,4,12,11,9,9,16
 Kyrgyzstan,NULL,256,350,629,639,943,1160,786,544,406,731,320,660,312,345,458,1095
 Kyrgyzstan,2,84,110,169,177,258,326,202,176,114,207,94,182,92,99,130,310
 Kyrgyzstan,1,74,97,157,154,235,344,184,163,95,204,106,196,87,114,123,301
 Kyrgyzstan,4,900,1315,2243,2125,3288,4080,2878,1816,1228,2560,1185,2202,1061,1163,1557,4041
 Kyrgyzstan,3,349,546,963,879,1317,1649,1146,762,475,1000,490,901,446,468,643,1610
 Lao People's Democratic Republic,1,9,9,8,9,5,6,6,12,8,5,4,8,7,4,6,2
 Lao People's Democratic Republic,4,16,18,11,43,45,61,36,13,12,28,31,34,34,26,28,26
 Lao People's Democratic Republic,3,7,6,4,8,8,13,9,9,3,6,10,5,2,6,7,4
 Lao People's Democratic Republic,NULL,1,0,1,2,2,3,1,0,0,2,2,2,1,1,0,0
 Lao People's Democratic Republic,2,1,0,1,1,2,4,1,3,1,2,1,0,2,2,4,0
 Latvia,NULL,3,3,3,3,7,8,8,0,1,4,4,3,3,4,2,4
 Latvia,2,3,10,3,12,13,14,9,6,4,8,13,9,5,8,6,9
 Latvia,3,11,12,15,23,30,30,20,13,9,20,29,23,11,25,10,26
 Latvia,1,1,0,2,2,2,3,1,0,2,0,1,1,2,4,2,2
 Latvia,4,45,41,30,60,91,104,91,27,35,71,73,71,39,59,31,66
 Lebanon,1,15,24,24,22,24,24,35,32,17,23,18,34,17,23,32,30
 Lebanon,4,169,222,210,258,398,429,460,117,174,233,251,405,221,298,252,426
 Lebanon,3,37,42,75,78,105,127,111,54,41,77,62,98,55,58,70,122
 Lebanon,NULL,3,5,2,5,7,9,4,0,1,6,8,11,3,3,0,6
 Lebanon,2,18,16,24,29,36,44,36,14,21,27,32,41,20,31,38,39
 Lesotho,1,119,413,441,318,615,762,249,318,359,358,136,287,152,178,206,598
 Lesotho,21,0,1,0,1,2,2,0,2,1,0,0,1,0,0,1,1
 Lesotho,3,318,1729,1423,1258,2537,3056,1187,921,783,981,331,1517,577,726,729,2973
 Lesotho,NULL,3,3,5,5,6,8,5,2,2,4,1,3,0,2,1,7
 Lesotho,2,539,4076,3518,2454,5637,6949,1739,2102,2021,2580,847,2707,1452,1262,1597,5371
 Lesotho,5,0,1,1,0,1,1,0,0,1,0,0,0,0,0,0,1
 Lesotho,11,0,1,1,0,1,1,0,0,0,0,1,0,0,0,0,1
 Lesotho,13,0,1,0,0,1,1,0,0,0,0,0,1,0,0,1,1
 Lesotho,4,971,2903,2560,2745,4650,5223,2619,1664,1631,1843,754,2732,1509,1433,1531,5547
 Lesotho,33,0,1,1,0,0,1,0,0,0,1,0,0,1,0,1,0
 Liberia,3,31,376,125,343,440,503,140,186,170,140,39,186,74,72,97,440
 Liberia,1,6,157,66,172,203,220,49,76,53,100,14,69,25,21,48,196
 Liberia,4,98,351,125,435,582,702,305,222,216,158,112,310,159,153,221,610
 Liberia,NULL,7,377,148,285,362,367,115,149,63,135,18,80,11,2,60,312
 Liberia,2,23,694,191,643,776,845,232,365,180,307,44,217,83,45,173,674
 Libya,1,18,18,15,14,22,29,23,21,14,18,11,25,18,21,18,23
 Libya,4,73,129,149,132,289,338,269,132,88,123,97,258,144,156,111,233
 Libya,NULL,2,4,3,5,15,13,10,5,1,2,4,13,7,7,3,8
 Libya,2,16,25,25,23,31,41,33,28,31,23,15,35,23,20,18,26
 Libya,3,27,54,66,55,92,111,72,45,61,51,39,83,47,45,56,78
 Liechtenstein,3,0,2,0,2,0,1,0,2,2,0,1,1,0,1,0,0
 Liechtenstein,2,1,2,1,1,1,1,0,1,2,1,2,1,2,0,0,2
 Liechtenstein,1,0,0,1,1,0,1,1,1,0,1,1,1,1,1,1,1
 Liechtenstein,4,8,1,1,6,5,8,9,1,1,7,7,6,3,8,6,7
 Lithuania,1,6,7,5,8,11,9,5,5,5,9,10,8,5,9,6,12
 Lithuania,4,47,43,34,70,101,132,123,27,40,73,68,104,56,79,51,98
 Lithuania,3,28,13,18,32,46,61,41,22,16,36,37,49,24,37,17,49
 Lithuania,NULL,5,0,0,4,2,7,7,0,2,5,5,6,1,3,6,7
 Lithuania,2,26,27,18,31,39,70,31,37,25,33,39,32,26,20,23,57
 Luxembourg,NULL,1,2,0,3,1,2,3,1,0,1,3,2,1,2,0,2
 Luxembourg,2,4,2,2,7,7,11,5,4,1,6,6,8,5,10,8,4
 Luxembourg,1,1,0,1,0,2,1,1,0,0,1,2,1,0,0,1,1
 Luxembourg,4,66,12,14,94,64,128,70,15,19,79,68,64,55,73,61,36
 Luxembourg,3,16,2,7,19,13,20,11,0,11,10,21,20,11,15,14,8
 Madagascar,NULL,5,8,7,11,11,17,12,4,7,12,8,6,6,6,6,12
 Madagascar,2,20,16,27,32,48,61,32,26,9,35,40,37,7,26,28,46
 Madagascar,1,4,14,11,21,28,21,24,8,4,22,15,16,7,16,11,24
 Madagascar,4,218,288,236,457,621,822,593,182,191,441,428,567,166,226,256,606
 Madagascar,3,75,74,87,142,176,230,188,68,47,142,120,166,37,101,105,174
 Malawi,3,383,373,484,550,916,1041,367,414,406,656,340,405,265,367,358,882
 Malawi,1,90,104,131,163,229,247,87,67,124,159,86,97,61,95,62,205
 Malawi,4,430,503,432,783,1207,1301,601,401,457,755,372,527,323,425,484,1079
 Malawi,NULL,5,0,2,6,6,5,4,1,2,5,1,2,0,3,3,3
 Malawi,2,214,261,318,325,525,644,236,222,234,340,221,190,161,197,194,546
 Malaysia,4,501,764,411,827,1365,1682,1556,601,326,854,996,1364,717,916,468,1182
 Malaysia,1,39,44,73,50,81,84,68,85,43,43,44,29,35,47,46,72
 Malaysia,3,146,271,205,257,438,548,420,295,151,264,309,358,217,251,204,443
 Malaysia,NULL,15,7,4,13,13,21,26,7,5,13,17,27,12,22,11,7
 Malaysia,2,209,485,350,395,998,1149,764,811,301,529,572,546,340,342,378,1016
 Maldives,1,40,73,95,91,194,185,118,91,44,87,55,96,69,62,72,170
 Maldives,4,316,356,302,487,1083,1056,909,353,170,630,216,906,254,418,334,916
 Maldives,0,0,1,1,1,2,1,1,0,0,1,0,1,1,1,0,1
 Maldives,3,144,182,172,250,518,538,411,197,108,285,76,407,137,195,162,527
 Maldives,2,292,387,432,386,948,1063,603,687,256,349,305,730,353,332,444,935
 Maldives,NULL,2,1,4,3,4,4,2,2,2,0,1,4,2,2,3,1
 Mali,1,7,15,14,23,29,31,20,9,11,18,11,22,8,11,15,38
 Mali,4,55,56,55,138,176,214,120,42,39,114,54,105,37,55,64,148
 Mali,NULL,2,2,2,5,5,6,5,1,2,7,2,6,2,1,1,3
 Mali,2,5,16,11,25,21,26,14,13,7,16,6,14,4,7,6,18
 Mali,3,9,29,35,57,72,80,43,34,21,34,16,50,17,21,22,66
 Malta,1,1,3,0,1,4,1,1,2,0,1,3,1,0,1,3,2
 Malta,4,83,31,30,96,84,128,108,28,46,100,76,92,42,82,73,65
 Malta,NULL,3,1,0,4,1,5,4,1,1,3,0,1,2,3,3,4
 Malta,2,0,2,3,4,4,3,4,2,1,2,2,2,0,3,2,2
 Malta,3,11,15,17,19,14,25,28,9,9,19,19,24,8,14,20,14
 Marshall Islands,3,3,0,2,2,5,5,5,2,1,4,2,4,1,2,2,2
 Marshall Islands,2,1,1,1,2,2,2,1,0,0,0,0,0,0,0,0,2
 Marshall Islands,1,2,0,0,1,1,0,0,0,1,1,1,1,1,1,1,1
 Marshall Islands,4,14,0,5,17,16,20,12,0,5,14,9,9,1,5,4,7
 Mauritania,1,3,4,2,3,0,5,1,3,0,3,2,4,3,3,3,3
 Mauritania,4,31,19,25,49,56,86,59,16,20,48,23,40,22,32,32,48
 Mauritania,NULL,3,2,2,4,7,6,7,1,2,6,0,2,4,5,0,3
 Mauritania,2,3,9,9,9,10,12,10,7,8,8,4,11,6,12,6,14
 Mauritania,3,8,8,12,9,9,20,7,12,6,7,11,14,6,10,6,14
 Mauritius,NULL,116,64,60,194,161,241,194,59,33,212,112,202,38,90,111,201
 Mauritius,2,12,16,16,19,34,62,38,34,16,30,29,47,5,24,27,55
 Mauritius,3,43,57,54,78,127,189,110,102,35,95,79,158,35,75,95,151
 Mauritius,4,137,48,57,166,204,274,238,55,73,218,163,232,62,149,135,187
 Mauritius,1,2,1,3,1,3,5,5,2,2,2,3,3,2,1,3,4
 Mexico,0,9,4,19,13,29,30,29,6,2,20,10,34,10,5,15,29
 Mexico,3,117129,120310,184816,148827,296387,340768,208906,108446,118660,210945,139667,197871,90284,147517,141523,357981
 Mexico,47,0,0,0,2,2,2,0,0,0,0,0,2,0,0,2,2
 Mexico,2,69076,67215,120981,90742,186815,212893,124035,71604,74784,135050,89092,116662,59292,97103,84038,221959
 Mexico,5,5,2,8,8,15,11,3,7,6,4,7,5,0,5,2,8
 Mexico,NULL,124,75,155,159,262,326,271,79,69,234,169,271,70,168,163,325
 Mexico,1,31071,28649,63420,43028,93754,103660,53675,26808,34594,68199,41841,51599,30069,51305,36998,105194
 Mexico,4,254785,251534,306526,306435,570751,693440,451295,201658,219317,402321,298557,423412,189363,269265,282512,696940
 Micronesia (Federated States of),1,0,0,2,0,2,0,0,2,0,2,2,0,0,0,2,0
 Micronesia (Federated States of),4,24,14,14,16,33,36,28,13,13,27,27,34,8,12,20,35
 Micronesia (Federated States of),3,2,3,6,6,3,9,9,3,1,2,1,9,3,6,3,6
 Micronesia (Federated States of),2,2,0,0,0,0,1,1,1,1,1,1,1,0,1,0,2
 Monaco,2,1,0,1,1,2,1,1,2,1,2,1,2,0,1,0,2
 Monaco,1,2,2,3,1,3,0,1,2,0,3,4,1,2,3,2,2
 Monaco,4,11,9,3,9,13,19,19,12,7,6,15,12,8,10,7,14
 Monaco,3,4,1,3,9,7,6,8,1,4,8,4,1,2,2,4,8
 Mongolia,3,471,622,614,412,1046,663,664,346,409,542,605,408,231,255,266,867
 Mongolia,1,14,26,31,21,47,37,32,11,21,25,16,19,13,21,11,45
 Mongolia,4,829,1100,801,920,1766,1481,1255,537,653,1184,1083,937,318,473,546,1336
 Mongolia,NULL,0,3,3,4,8,4,2,1,4,4,4,0,1,1,0,5
 Mongolia,2,137,159,168,125,250,217,183,93,125,178,165,125,47,79,79,243
 Montenegro,3,2,3,6,8,12,7,5,5,3,4,8,6,4,4,3,10
 Montenegro,NULL,6,3,1,1,6,10,5,2,2,4,4,4,4,3,2,9
 Montenegro,2,3,3,3,3,3,6,6,3,3,5,1,3,2,4,2,4
 Montenegro,1,1,0,1,1,1,1,0,1,1,0,1,1,1,1,0,1
 Montenegro,4,21,11,11,20,34,48,50,13,20,29,34,36,29,29,27,43
 Morocco,4,2953,6448,7103,9699,9138,7541,7250,2538,2160,4404,5762,13013,3137,6028,9280,9475
 Morocco,1,79,120,136,142,119,115,98,114,83,86,108,176,79,109,146,157
 Morocco,3,1104,5871,5751,7368,4264,1616,1427,986,774,1381,3583,8919,1114,4853,7675,7508
 Morocco,NULL,8,12,11,21,36,43,27,6,6,24,26,25,21,22,12,24
 Morocco,2,2016,6621,6977,9197,6708,4075,4017,1771,1561,2755,4909,11516,1969,5752,9062,9090
 Mozambique,NULL,1,2,1,1,2,4,2,1,0,3,1,3,2,1,4,2
 Mozambique,2,24,47,65,59,55,81,57,43,40,45,44,74,22,53,44,69
 Mozambique,3,154,351,293,403,512,584,426,238,238,308,283,510,228,340,303,486
 Mozambique,1,7,15,13,15,18,26,14,16,10,15,12,22,11,19,16,18
 Mozambique,4,108,180,146,274,328,385,288,108,101,197,164,301,153,190,171,260
 Myanmar,2,2,6,2,6,7,10,4,8,3,1,7,6,7,6,5,6
 Myanmar,NULL,0,0,0,1,3,3,1,1,1,0,2,2,1,1,2,2
 Myanmar,3,9,14,6,12,27,33,18,18,14,8,16,9,10,14,13,25
 Myanmar,1,1,4,5,3,6,10,4,7,1,3,2,7,7,7,4,5
 Myanmar,4,41,43,35,72,136,151,125,52,36,41,74,63,61,78,49,90
 Namibia,NULL,0,2,0,0,1,2,2,2,0,0,1,0,0,0,1,1
 Namibia,2,4,13,25,21,32,47,40,11,14,26,9,32,9,24,22,35
 Namibia,1,0,3,4,2,6,8,3,2,4,3,3,6,2,1,4,3
 Namibia,4,75,55,99,154,197,256,167,62,57,140,74,189,69,119,126,156
 Namibia,3,29,41,101,107,137,165,113,48,33,84,39,128,49,75,93,129
 Nauru,NULL,0,0,0,0,1,1,0,0,0,1,0,0,0,1,1,1
 Nauru,3,1,1,2,1,2,2,3,1,0,1,3,2,1,3,1,0
 Nauru,1,0,3,7,1,5,9,2,2,0,7,3,2,1,6,2,10
 Nauru,4,4,5,4,1,7,9,10,1,1,4,1,2,0,2,3,6
 Nepal,1,401,1163,1440,1308,2028,2402,917,567,668,972,838,1068,444,753,1045,1902
 Nepal,4,1694,3198,2510,3835,5338,7319,5133,2547,2134,3143,2506,4432,2397,2658,4066,6447
 Nepal,0,0,0,3,1,2,3,0,1,0,2,0,0,1,1,1,3
 Nepal,3,1016,2661,2889,2853,4514,6141,3246,1919,1718,2233,2098,3377,1521,2195,3764,5047
 Nepal,NULL,83,114,116,186,278,354,201,158,91,199,112,208,86,118,152,304
 Nepal,2,874,3234,4253,3879,5939,7581,2758,1845,1831,2463,2751,3437,1070,2074,3812,5235
 Nepal,5,0,1,0,0,0,1,1,0,0,1,0,0,0,0,1,1
 Nepal,8,0,0,1,1,0,1,1,0,0,0,0,0,1,0,1,0
 Netherlands,2,82,17,56,155,121,141,91,55,29,115,140,109,71,106,118,54
 Netherlands,NULL,48,0,10,45,26,67,41,8,9,37,42,21,42,33,47,16
 Netherlands,0,1,0,0,0,0,1,1,0,0,0,1,0,1,1,0,0
 Netherlands,3,309,37,101,360,259,319,302,57,70,254,416,291,194,278,243,105
 Netherlands,1,38,4,20,35,34,22,25,18,5,22,46,31,17,28,19,22
 Netherlands,4,1294,148,380,1539,968,1835,1417,309,312,1274,1529,1009,1017,1343,1256,589
 New Zealand,1,2,0,1,1,2,1,0,0,2,2,1,2,0,2,0,2
 New Zealand,4,1041,150,301,1423,793,1277,1211,222,273,1434,1366,990,645,1095,842,380
 New Zealand,3,170,28,72,287,174,204,252,31,60,290,317,251,116,200,143,87
 New Zealand,NULL,28,3,8,27,25,49,27,14,5,28,28,25,21,36,21,9
 New Zealand,2,33,8,26,40,44,56,51,18,11,50,45,40,21,43,33,27
 Nicaragua,NULL,135,171,265,296,517,647,258,414,154,438,207,489,170,265,310,610
 Nicaragua,2,225,295,556,495,836,1061,488,682,233,735,375,789,296,463,518,1043
 Nicaragua,1,109,141,260,248,404,488,214,293,145,326,189,384,138,233,255,492
 Nicaragua,4,735,1013,1273,1745,2792,3638,1690,2078,812,2389,1168,2478,963,1337,1626,3474
 Nicaragua,3,581,705,1105,1128,2042,2505,1060,1590,541,1615,872,1788,624,1001,1229,2426
 Niger,1,1,3,1,3,1,3,2,2,0,2,2,1,1,0,0,2
 Niger,4,39,25,25,67,71,94,61,21,21,61,19,49,18,22,24,46
 Niger,NULL,2,0,1,2,2,3,3,0,1,1,0,1,0,1,0,1
 Niger,2,2,0,2,2,0,0,1,0,1,1,1,2,0,0,1,0
 Niger,3,7,3,6,9,14,17,17,14,13,15,12,11,4,8,8,2
 Nigeria,1,23411,95184,56666,86806,151069,164599,114973,47538,75703,98430,36358,45836,88206,35915,34365,135649
 Nigeria,33,0,3,3,3,3,3,3,0,0,0,0,0,0,0,0,0
 Nigeria,143,0,0,1,0,0,0,0,0,1,1,1,0,0,0,0,1
 Nigeria,12,0,1,0,0,1,1,0,0,0,1,0,1,0,0,0,1
 Nigeria,44,0,3,1,3,3,2,3,3,1,5,2,0,5,2,0,1
 Nigeria,0,5,7,2,5,10,11,10,4,3,5,4,1,9,1,4,9
 Nigeria,3,71825,191540,135966,149758,275814,323581,177022,117434,148388,164009,79996,102931,180254,89145,81905,268605
 Nigeria,6,24,97,50,106,151,187,154,55,49,85,47,65,134,65,41,108
 Nigeria,9,0,2,0,0,2,2,2,3,0,0,1,0,1,1,1,3
 Nigeria,NULL,592,1324,672,1119,1800,2114,1264,706,1241,1113,516,845,1029,642,518,1738
 Nigeria,2,204335,577040,425978,433975,792311,948283,450059,359265,446759,452508,203939,306275,496290,258248,227082,786461
 Nigeria,8,0,0,0,1,1,1,0,1,0,1,1,1,1,1,0,1
 Nigeria,14,0,2,2,1,2,2,0,1,1,0,0,0,0,0,0,1
 Nigeria,104,1,1,2,1,1,0,1,0,0,2,0,0,0,1,1,0
 Nigeria,4,121795,372360,231104,299658,509991,614977,356773,211178,278742,320849,150351,212077,336894,171053,156205,501812
 Nigeria,7,0,3,1,6,6,6,5,3,2,0,3,3,5,3,0,7
 Nigeria,10,0,1,0,0,1,0,0,1,1,1,0,0,0,0,0,1
 Nigeria,13,0,1,0,0,1,1,0,0,1,0,0,0,0,0,0,0
 Nigeria,42,0,1,0,0,0,1,0,1,0,1,0,0,0,0,1,1
 Nigeria,22,0,0,1,1,3,1,2,0,0,2,0,1,1,1,0,3
 Norway,3,103,25,40,120,81,114,94,25,24,78,84,92,72,87,80,45
 Norway,4,491,113,163,523,337,637,535,120,118,387,401,405,422,449,413,152
 Norway,1,30,14,29,43,32,42,42,22,12,23,20,41,33,23,26,20
 Norway,NULL,9,1,1,8,6,13,7,0,1,8,8,5,7,10,11,1
 Norway,2,87,32,34,112,85,116,91,44,27,66,69,71,66,75,81,36
 Oman,3,20,35,42,34,55,73,47,30,13,34,24,43,29,32,45,51
 Oman,NULL,2,0,1,0,4,2,3,0,1,1,3,1,3,3,2,5
 Oman,2,12,12,18,17,26,32,17,15,14,11,13,20,20,15,14,20
 Oman,1,5,5,8,8,6,10,6,7,9,5,7,6,7,9,3,9
 Oman,4,56,84,125,78,159,204,255,52,39,91,56,235,189,212,158,247
 Pakistan,1,216,279,555,411,657,866,531,412,270,495,267,437,245,426,400,729
 Pakistan,4,1705,2784,5395,4746,8133,11798,8591,3320,3204,5868,2546,6396,2483,4950,4603,9617
 Pakistan,NULL,136,165,432,318,543,875,674,347,192,445,205,521,244,396,328,738
 Pakistan,0,3,2,2,1,2,3,1,0,1,1,0,0,0,1,0,1
 Pakistan,3,770,1255,2400,1781,3044,4483,3192,1545,1206,2102,1159,2325,1029,1817,1769,3640
 Pakistan,2,315,519,1041,707,1139,1677,1099,641,552,847,447,858,378,623,817,1373
 Palau,2,1,0,0,1,1,1,0,0,0,1,1,0,0,0,0,0
 Palau,3,4,1,0,4,3,3,1,3,3,4,4,1,2,2,0,1
 Palau,1,0,0,0,2,0,2,1,1,0,0,1,2,1,1,0,1
 Palau,4,5,1,1,7,8,4,9,2,6,9,10,5,3,3,1,4
 Palestine (State of),4,95,306,461,443,608,672,555,260,324,457,151,637,399,367,424,928
 Palestine (State of),1,5,5,9,8,8,13,9,7,1,8,2,10,9,12,2,14
 Palestine (State of),3,16,35,63,46,67,75,45,33,43,56,12,55,35,37,37,90
 Palestine (State of),2,9,11,12,16,22,21,20,15,16,12,9,16,15,13,16,23
 Panama,NULL,1,0,0,0,2,3,1,1,0,2,1,3,0,1,3,0
 Panama,2,12,7,7,15,14,19,16,8,4,12,18,15,3,8,13,9
 Panama,1,1,2,5,5,5,5,2,2,3,7,4,2,2,2,3,4
 Panama,4,253,103,54,331,335,515,348,68,94,376,349,325,94,193,216,216
 Panama,3,35,31,25,47,62,89,63,20,18,65,66,63,18,37,38,54
 Papua New Guinea,3,5,11,3,11,11,21,15,9,3,9,11,15,8,10,11,15
 Papua New Guinea,4,27,36,10,47,79,80,71,16,10,32,41,67,15,35,61,45
 Papua New Guinea,1,1,4,1,0,4,5,5,2,1,3,3,2,0,1,0,4
 Papua New Guinea,2,4,1,6,2,5,7,5,0,3,1,5,5,3,3,5,5
 Paraguay,NULL,2,1,1,4,3,5,2,2,1,2,4,6,1,2,2,4
 Paraguay,2,26,153,42,62,137,154,84,51,25,57,64,86,43,71,79,138
 Paraguay,1,5,23,21,22,34,25,22,17,11,15,23,24,13,18,22,29
 Paraguay,4,390,3503,562,1447,3274,3550,1588,297,317,840,1638,1478,816,2019,2080,3234
 Paraguay,3,166,718,187,357,609,671,443,130,117,246,373,469,230,321,352,578
 Peru,1,723,895,1547,1495,2526,2885,1328,769,635,1660,1379,2170,366,1300,1191,1726
 Peru,4,3348,1740,1486,4046,4879,7008,4206,1297,1308,3849,4000,4739,1259,2450,3073,3565
 Peru,NULL,11,1,0,8,9,21,11,1,2,15,11,9,5,9,13,5
 Peru,2,2110,2368,3668,4049,6324,7868,5214,2714,1534,3754,4163,6352,960,3903,4304,6166
 Peru,0,0,2,2,1,1,2,2,0,0,1,3,1,0,2,1,0
 Peru,3,1041,915,1301,1575,2299,3141,2073,849,691,1583,1693,2446,532,1390,1422,2079
 Philippines,4,5186,3095,4950,4332,10580,11720,9757,1618,1738,5614,5560,7071,1161,2640,1871,10317
 Philippines,1,1489,1434,3644,5448,8747,10436,5156,1603,2922,6930,4340,4054,1085,2514,1543,7411
 Philippines,0,0,0,1,1,1,1,0,0,1,0,0,0,0,1,0,0
 Philippines,3,1820,1487,2431,1863,4784,5396,4323,1109,887,2741,2535,3719,549,1220,902,5262
 Philippines,NULL,180,167,321,512,978,1193,610,194,292,702,466,574,146,317,223,924
 Philippines,2,2756,2161,4609,7398,13815,17159,9038,3450,4092,10140,6648,8278,2042,4041,3034,13486
 Poland,1,12,13,12,20,20,16,13,17,13,6,14,12,8,13,9,13
 Poland,4,238,205,162,402,563,624,516,185,161,347,438,505,265,431,323,452
 Poland,3,62,72,60,101,148,178,138,57,57,88,122,148,75,132,81,141
 Poland,NULL,8,6,8,9,14,19,14,11,6,8,12,11,8,10,8,16
 Poland,2,23,42,30,44,59,75,50,41,24,41,45,61,36,44,31,53
 Portugal,1,8,5,13,21,17,17,18,4,3,16,16,17,6,16,11,12
 Portugal,4,1028,159,688,1687,1826,2231,2023,198,364,1336,1370,1391,664,1255,949,1143
 Portugal,3,202,43,181,315,358,398,394,56,78,236,283,308,100,242,189,249
 Portugal,NULL,36,2,26,40,49,72,74,8,13,31,50,30,23,35,29,46
 Portugal,2,45,16,41,89,88,102,83,18,20,52,70,75,16,63,57,62
 Qatar,3,39,38,65,65,102,124,82,49,29,45,61,73,34,49,41,103
 Qatar,1,9,8,15,8,15,19,12,15,13,10,10,10,6,13,13,15
 Qatar,4,66,69,71,111,164,187,139,61,46,128,75,126,64,86,68,124
 Qatar,NULL,3,2,2,1,3,4,2,0,1,3,1,1,0,0,2,2
 Qatar,2,8,11,20,12,19,23,16,12,13,12,13,13,7,11,15,16
 Republic of Korea,1,127,175,242,345,358,345,399,111,177,267,271,481,121,285,230,206
 Republic of Korea,4,13646,17208,31873,35410,42876,37069,61980,10878,18076,28978,35634,62137,19917,43956,23884,30950
 Republic of Korea,NULL,13,9,9,21,20,29,28,13,13,17,7,18,11,12,13,25
 Republic of Korea,2,701,1039,1853,1904,2110,1463,2922,687,1066,1670,1665,3047,938,1934,1332,1509
 Republic of Korea,3,813,1058,2015,2209,2335,1829,3250,739,1201,1680,2039,3202,1070,2171,1476,1536
 Republic of Moldova,3,12,38,21,25,53,49,38,13,14,24,30,44,19,29,17,42
 Republic of Moldova,1,1,5,3,3,3,6,7,4,2,3,3,6,1,4,0,3
 Republic of Moldova,4,63,80,53,75,144,140,137,25,42,68,79,102,32,72,35,107
 Republic of Moldova,2,6,6,8,10,15,14,12,3,2,12,12,11,6,10,10,13
 Republic of Moldova,NULL,5,2,3,4,8,5,8,0,0,4,3,4,1,4,3,6
 Romania,4,276,264,184,398,619,793,601,141,145,427,490,490,206,365,224,517
 Romania,1,10,11,8,9,11,14,13,9,5,7,9,12,9,12,9,14
 Romania,NULL,11,7,4,11,18,26,16,2,3,8,19,14,6,11,4,14
 Romania,2,27,34,35,27,67,71,51,32,21,40,39,45,22,29,34,57
 Romania,3,72,75,68,86,131,181,130,60,33,104,103,128,55,101,58,146
 Russian Federation,1,50,111,76,131,155,239,156,121,64,124,166,181,86,113,48,97
 Russian Federation,4,844,1904,991,2237,3851,4231,3529,1472,898,2393,2984,3189,1630,1920,661,1235
 Russian Federation,3,345,772,461,1032,1516,1762,1364,707,422,1115,1252,1270,608,841,371,616
 Russian Federation,NULL,7,8,8,11,20,18,23,5,2,8,12,15,9,11,2,9
 Russian Federation,2,112,204,135,287,420,535,371,230,132,291,393,377,194,257,134,197
 Rwanda,7,0,0,1,1,1,1,0,0,0,1,0,0,0,1,0,0
 Rwanda,21,0,0,1,0,0,0,0,1,0,1,0,0,1,1,1,0
 Rwanda,1,2572,4227,5869,7506,9634,11149,5736,7063,5580,9532,4592,7789,3837,8158,6560,10223
 Rwanda,4,650,875,1136,1354,1652,1975,1480,1148,1068,1233,858,1466,1130,1197,1181,1796
 Rwanda,114,0,0,0,0,1,0,0,1,0,0,1,1,1,1,0,0
 Rwanda,NULL,350,439,590,644,597,757,618,625,467,709,503,658,420,636,663,709
 Rwanda,2,3592,6779,7790,11342,14955,17205,10736,12328,9205,13330,7114,14137,7218,13493,10930,14720
 Rwanda,5,0,0,0,1,0,1,0,1,0,0,1,0,0,1,0,1
 Rwanda,3,1240,2016,2433,2743,3017,3506,2757,2808,2331,2621,1683,3038,2094,2565,2575,3543
 Saint Kitts and Nevis,1,0,0,1,2,1,1,1,1,0,2,0,1,0,0,0,2
 Saint Kitts and Nevis,4,5,2,3,7,13,12,13,2,1,10,9,11,6,9,5,12
 Saint Kitts and Nevis,3,1,2,1,0,3,3,3,0,0,1,1,3,0,2,1,2
 Saint Kitts and Nevis,2,1,2,0,4,4,4,3,2,3,2,4,2,0,4,0,0
 Saint Lucia,3,4,1,2,3,7,7,4,2,0,5,2,8,1,6,6,8
 Saint Lucia,NULL,0,0,0,0,0,1,1,0,0,0,1,1,0,0,1,1
 Saint Lucia,2,0,2,2,2,1,5,2,2,0,5,3,1,2,3,2,4
 Saint Lucia,1,1,1,1,1,1,1,0,0,0,1,0,1,1,1,1,1
 Saint Lucia,4,15,4,7,13,23,22,21,4,7,19,18,25,5,13,12,20
 Saint Vincent and the Grenadines,2,2,1,0,1,3,3,1,0,0,1,2,2,3,2,0,3
 Saint Vincent and the Grenadines,3,0,1,6,2,4,4,6,0,1,2,2,5,0,3,4,4
 Saint Vincent and the Grenadines,1,1,1,0,1,1,2,1,1,0,1,1,1,0,0,1,0
 Saint Vincent and the Grenadines,4,11,8,2,11,19,17,12,3,3,13,9,17,2,7,11,17
 Samoa,0,0,0,1,1,2,1,0,1,1,1,0,1,0,1,1,1
 Samoa,3,4,3,6,10,14,16,4,1,3,6,7,8,4,4,8,10
 Samoa,1,2,2,6,3,4,6,2,1,1,8,0,1,0,2,3,7
 Samoa,4,18,1,12,25,30,40,24,2,4,20,21,23,9,19,24,22
 Samoa,2,7,1,4,3,7,6,5,2,1,3,2,6,1,1,6,6
 San Marino,2,0,2,1,3,2,1,2,1,0,2,0,0,0,1,1,2
 San Marino,3,1,1,2,0,1,2,3,0,0,0,1,2,2,0,2,1
 San Marino,1,0,1,0,0,1,1,0,0,1,1,0,0,1,0,0,0
 San Marino,4,1,2,1,2,1,5,2,2,1,3,1,1,2,1,4,1
 Sao Tome and Principe,1,0,0,1,0,1,1,1,0,0,0,1,1,0,0,0,0
 Sao Tome and Principe,4,6,2,6,11,12,13,12,4,3,9,6,8,3,9,8,14
 Sao Tome and Principe,3,1,0,1,3,3,3,2,2,0,2,3,2,0,1,0,1
 Sao Tome and Principe,2,1,0,1,3,2,4,1,1,1,0,1,3,0,2,1,3
 Saudi Arabia,3,91,193,259,236,319,381,296,211,135,238,129,261,184,211,194,365
 Saudi Arabia,NULL,2,16,16,18,36,34,28,6,10,20,4,26,17,15,8,29
 Saudi Arabia,2,44,57,91,73,96,115,89,64,46,81,57,80,46,61,68,95
 Saudi Arabia,1,38,48,64,47,64,84,48,71,47,56,43,54,46,50,57,68
 Saudi Arabia,4,215,485,494,515,875,1018,716,256,210,580,206,657,470,528,332,723
 Senegal,1,5097,2926,622,11887,8189,11373,7048,291,1119,5776,4376,5033,1428,7180,1182,7952
 Senegal,4,407,430,182,990,749,1071,846,141,262,837,387,493,163,494,280,838
 Senegal,NULL,64,46,17,145,118,153,106,16,30,93,53,74,21,83,20,115
 Senegal,2,1786,1529,266,4307,2496,4201,3054,164,488,2482,1543,1919,693,2573,968,3578
 Senegal,3,421,402,98,1069,637,1056,798,82,151,750,451,474,150,682,247,931
 Serbia,NULL,19,3,12,18,19,25,24,5,8,16,21,23,6,15,10,22
 Serbia,2,39,36,64,51,101,103,91,32,38,61,61,85,34,44,30,117
 Serbia,3,99,223,319,175,541,544,517,133,147,266,273,472,163,219,144,575
 Serbia,1,18,19,36,24,65,49,42,24,23,26,32,49,17,21,23,53
 Serbia,4,253,292,361,318,743,824,715,151,188,409,397,618,206,354,270,780
 Seychelles,3,0,1,3,2,3,5,5,0,1,2,4,5,3,3,1,4
 Seychelles,1,0,2,1,1,2,2,1,2,0,1,1,2,0,1,0,2
 Seychelles,4,24,3,5,26,35,38,49,7,5,27,27,33,13,22,20,20
 Seychelles,NULL,0,0,1,1,1,1,2,0,1,0,0,1,1,1,1,1
 Seychelles,2,1,0,1,0,2,3,0,1,2,0,2,1,0,1,1,3
 Sierra Leone,NULL,1,2,1,2,3,2,1,0,1,1,0,1,0,0,1,2
 Sierra Leone,2,7,25,20,29,45,56,15,9,12,24,3,16,18,18,15,48
 Sierra Leone,3,10,70,54,75,110,116,59,46,32,53,21,48,29,47,32,99
 Sierra Leone,1,0,12,6,8,18,20,8,3,4,9,2,6,7,2,11,15
 Sierra Leone,4,32,68,43,111,153,164,127,30,58,67,28,88,41,58,67,138
 Singapore,NULL,2,0,1,3,5,5,4,2,2,2,1,4,1,2,3,2
 Singapore,2,25,15,15,50,30,52,40,21,12,38,33,40,10,33,30,24
 Singapore,3,36,27,39,66,50,91,72,47,21,55,31,69,30,41,44,64
 Singapore,4,264,142,173,412,348,517,499,124,112,355,311,432,181,373,261,292
 Singapore,1,4,2,5,2,4,7,5,6,4,6,8,3,4,2,3,7
 Slovakia,1,4,3,2,6,5,8,2,5,3,2,4,4,4,1,3,5
 Slovakia,4,67,47,40,104,130,162,136,24,46,122,102,118,70,95,77,127
 Slovakia,3,11,10,15,28,46,41,27,13,9,31,26,31,16,21,13,30
 Slovakia,NULL,10,33,23,47,72,82,47,16,12,55,42,47,25,24,26,71
 Slovakia,2,13,8,9,14,13,25,18,6,6,11,16,21,9,14,8,22
 Slovenia,1,2,6,9,9,9,11,7,7,4,6,9,8,6,4,9,8
 Slovenia,4,83,16,48,135,112,179,159,28,35,138,119,100,62,117,86,141
 Slovenia,3,29,20,30,76,57,83,69,13,21,57,62,59,18,36,38,71
 Slovenia,NULL,2,2,0,2,3,4,5,1,1,4,3,3,2,1,1,2
 Slovenia,2,17,12,17,36,32,36,35,16,18,28,37,30,18,21,19,36
 Solomon Islands,2,4,3,2,2,4,5,4,2,1,1,3,4,2,2,1,3
 Solomon Islands,NULL,1,1,0,1,0,2,2,0,0,1,2,1,0,0,1,0
 Solomon Islands,4,14,12,8,29,31,42,33,4,6,18,25,22,6,15,24,30
 Solomon Islands,3,3,3,4,7,8,7,4,4,4,3,5,9,4,5,7,7
 Somalia,NULL,3,1,1,3,1,5,0,0,2,1,1,1,4,3,2,2
 Somalia,2,4,2,5,5,7,7,5,7,3,3,2,4,4,2,4,7
 Somalia,1,4,2,4,4,6,7,4,2,3,3,2,5,2,4,5,3
 Somalia,4,20,30,48,79,84,95,50,25,17,40,29,65,38,46,35,77
 Somalia,3,8,12,26,24,36,39,24,21,15,13,12,18,16,15,14,30
 South Africa,3,898,1670,1726,2544,3011,3662,2378,1197,1106,1885,1150,3112,968,1681,1671,3222
 South Africa,NULL,17,14,17,20,36,46,31,20,9,20,16,37,15,20,30,35
 South Africa,2,172,398,478,557,712,903,429,301,231,429,218,715,202,362,416,738
 South Africa,1,56,91,101,94,130,134,83,64,52,94,44,120,60,81,85,128
 South Africa,4,1584,1914,1772,3572,3778,5131,3899,1322,1447,2863,1885,4358,1067,2468,2077,3808
 South Sudan,NULL,0,0,0,0,1,1,1,0,0,1,0,1,0,1,0,0
 South Sudan,2,1,1,1,0,1,1,0,2,1,1,1,3,1,1,1,2
 South Sudan,4,18,20,22,44,48,53,36,10,8,28,23,29,15,32,24,22
 South Sudan,1,1,0,0,0,0,1,0,0,1,0,1,0,0,0,1,1
 South Sudan,3,4,2,1,2,4,4,3,2,1,1,1,1,4,2,2,2
 Spain,3,1006,167,987,1347,1657,2342,1970,256,338,1542,1256,1186,648,843,1269,1399
 Spain,1,54,16,89,95,107,144,101,24,24,107,84,112,31,67,115,96
 Spain,4,3994,424,2965,6083,6560,10109,8033,778,1231,6518,4751,4030,3224,3649,5263,5052
 Spain,NULL,37,3,13,38,41,61,54,8,9,41,43,16,25,29,40,29
 Spain,2,259,46,347,334,487,606,539,90,102,428,344,358,171,259,417,425
 Sri Lanka,NULL,12,9,12,20,30,44,34,13,7,14,18,35,30,25,25,27
 Sri Lanka,2,32174,35545,37915,43148,49769,60113,43001,30069,33454,37573,32166,34992,30951,29090,30687,36668
 Sri Lanka,1,623,595,639,672,625,652,635,606,631,613,639,630,640,606,607,634
 Sri Lanka,4,112775,102720,112221,150897,172769,223877,165587,84018,96738,138485,123347,130152,101264,110390,114549,132522
 Sri Lanka,3,62983,61532,66370,85148,98657,121662,88947,52185,58816,76799,64605,70247,58797,59856,62228,71559
 Sri Lanka,32,0,2,1,1,1,2,2,0,1,2,0,0,0,0,0,0
 Sri Lanka,5,4,4,4,5,6,5,3,1,3,1,2,0,1,1,1,1
 Sri Lanka,1994,1,1,1,3,1,2,2,1,3,3,1,3,0,0,0,2
 Sri Lanka,20,0,1,1,0,1,1,1,0,0,0,0,2,1,1,2,1
 Sri Lanka,23,2,0,1,2,2,2,0,0,1,1,1,0,0,0,0,0
 Sudan,NULL,82,284,360,375,564,645,341,94,110,426,117,316,217,216,179,554
 Sudan,2,42,142,165,186,205,253,120,73,79,166,84,120,78,80,114,183
 Sudan,5,0,0,0,0,0,1,1,0,1,0,0,1,0,1,0,1
 Sudan,3,142,600,716,709,962,1237,677,273,321,680,313,671,434,392,387,960
 Sudan,102,1,1,0,1,0,0,0,0,1,0,0,1,0,0,0,0
 Sudan,1,44,94,89,141,142,182,87,54,60,109,68,61,61,44,86,128
 Sudan,4,622,2252,2469,2745,4092,4785,3257,794,826,2784,906,2559,1919,1838,1288,4063
 Sudan,1993,0,3,3,0,3,3,0,0,0,3,0,0,0,0,0,3
 Sudan,105,0,3,0,3,0,0,0,0,0,0,3,0,3,0,3,0
 Sudan,115,0,4,11,6,9,18,7,0,0,10,6,4,8,3,6,0
 Sudan,1967,0,2,0,0,2,0,2,0,2,0,0,0,0,0,2,2
 Suriname,3,5,6,5,5,14,15,9,6,3,12,10,13,3,7,6,7
 Suriname,1,3,4,1,5,5,6,6,3,4,3,5,3,3,2,3,4
 Suriname,4,19,7,9,18,28,34,31,11,9,21,20,26,4,11,15,26
 Suriname,NULL,1,0,0,0,0,1,1,0,0,0,1,1,0,0,0,1
 Suriname,2,4,3,4,5,4,5,3,2,6,8,4,5,2,4,4,3
 Swaziland,3,113,146,202,258,308,371,237,100,98,208,94,265,93,148,169,303
 Swaziland,1,5,7,9,12,13,15,8,5,2,5,5,16,6,7,5,13
 Swaziland,4,305,396,456,713,869,1037,633,279,247,562,237,709,241,409,394,861
 Swaziland,NULL,0,2,5,3,6,7,9,1,3,4,3,5,2,1,3,8
 Swaziland,2,16,26,33,34,50,49,29,16,10,21,20,31,14,23,27,41
 Sweden,3,374,40,114,404,258,398,283,66,60,216,327,235,236,302,339,140
 Sweden,1,84,22,40,125,87,108,59,28,24,82,89,69,64,71,85,47
 Sweden,NULL,29,0,6,28,13,31,27,8,5,20,23,11,19,25,23,8
 Sweden,2,336,51,102,424,276,383,245,97,74,238,269,214,202,253,306,159
 Sweden,4,1385,128,322,1470,806,1527,1172,205,240,892,1113,754,974,1184,1374,380
 Switzerland,1,6,7,3,8,10,7,5,6,3,6,8,9,8,7,9,6
 Switzerland,4,746,102,238,968,633,1231,867,166,165,782,806,660,558,812,758,382
 Switzerland,NULL,24,1,6,27,11,33,23,6,3,20,18,14,17,19,21,15
 Switzerland,2,22,3,12,29,10,38,25,8,10,21,28,23,20,25,24,14
 Switzerland,3,87,17,35,113,76,135,82,22,26,83,98,82,74,80,70,32
 Syrian Arab Republic,1,14,17,27,17,16,24,12,20,28,24,15,21,17,13,12,22
 Syrian Arab Republic,4,84,102,197,147,218,368,273,139,142,208,112,272,207,246,118,304
 Syrian Arab Republic,NULL,5,3,8,7,10,18,12,4,6,9,5,11,7,6,4,11
 Syrian Arab Republic,2,17,21,42,28,42,52,42,43,38,43,26,49,31,50,30,51
 Syrian Arab Republic,3,18,42,57,47,67,100,56,53,60,62,34,82,52,55,43,93
 Tajikistan,1,3,3,9,5,8,11,7,3,5,5,2,2,2,4,5,10
 Tajikistan,4,29,62,45,84,112,135,120,29,65,62,35,80,56,55,47,94
 Tajikistan,3,8,11,8,12,22,29,24,9,12,12,15,17,13,10,11,21
 Tajikistan,NULL,1,0,0,0,0,1,1,0,0,0,0,1,0,0,1,1
 Tajikistan,2,8,15,11,12,26,28,23,11,11,6,9,17,5,13,8,18
 Thailand,0,477,868,699,812,919,1546,1402,823,452,1109,379,951,417,480,710,1540
 Thailand,3,2476,4560,3470,4490,5723,8424,6745,5047,3354,4661,4369,4995,2728,3254,3950,4224
 Thailand,1,1280,1801,2042,2462,3008,4006,2248,2032,1746,2508,2055,1688,1084,1425,1761,2071
 Thailand,4,8746,14335,10588,13239,20154,25165,21492,11566,8953,15188,13488,15335,8147,9259,9471,15904
 Thailand,NULL,20,11,9,19,30,39,43,6,6,20,16,27,18,17,12,13
 Thailand,2,3804,5028,4557,6254,6796,11207,7641,7009,4068,6204,5372,6027,2999,4240,5783,5739
 The former Yugoslav Republic of Macedonia,2,9,3,8,7,8,15,5,8,2,8,9,7,4,8,5,14
 The former Yugoslav Republic of Macedonia,NULL,3,1,1,1,3,2,2,0,0,2,3,2,2,1,2,5
 The former Yugoslav Republic of Macedonia,1,1,1,2,1,2,4,2,2,0,3,4,0,1,1,5,1
 The former Yugoslav Republic of Macedonia,4,78,58,44,77,145,168,143,24,40,81,88,75,96,93,77,153
 The former Yugoslav Republic of Macedonia,3,21,9,6,15,20,26,18,11,9,14,13,19,13,12,13,23
 Timor-Leste,2,2,9,10,15,16,28,15,9,5,13,7,14,6,14,8,15
 Timor-Leste,1,0,0,1,0,1,2,1,1,0,0,1,1,1,1,1,1
 Timor-Leste,4,12,25,11,45,50,64,30,14,8,33,25,30,11,21,26,33
 Timor-Leste,3,5,1,4,5,5,8,4,3,4,6,1,6,4,3,4,4
 Togo,NULL,10,12,10,24,31,27,19,17,13,21,11,16,11,6,11,23
 Togo,2,6,14,16,17,34,36,17,11,11,19,6,16,10,7,10,29
 Togo,3,22,31,47,49,59,86,51,43,17,40,27,54,27,28,33,63
 Togo,1,5,16,14,36,42,38,16,9,20,22,9,9,6,4,12,25
 Togo,4,119,92,98,186,225,279,166,111,66,148,107,127,93,98,95,202
 Tonga,3,0,4,4,4,5,6,3,2,3,4,1,4,4,0,0,4
 Tonga,2,3,2,0,5,6,8,4,4,3,2,5,6,1,3,3,5
 Tonga,1,0,1,1,1,1,0,1,1,2,0,1,0,1,0,0,2
 Tonga,4,10,3,8,12,9,17,13,4,1,10,11,10,5,8,8,15
 Trinidad and Tobago,1,1,1,1,0,1,1,2,0,1,1,1,1,0,0,0,1
 Trinidad and Tobago,3,14,8,15,30,33,34,30,7,4,31,17,37,9,25,16,26
 Trinidad and Tobago,4,120,68,75,165,272,239,253,54,45,223,173,264,79,160,96,179
 Trinidad and Tobago,NULL,1,0,2,3,2,5,1,0,0,3,2,4,1,3,2,1
 Trinidad and Tobago,2,3,6,4,5,11,12,11,3,1,6,8,8,3,9,5,7
 Tunisia,3,223,298,432,385,693,988,541,537,229,611,264,693,320,446,463,884
 Tunisia,NULL,116,155,212,220,408,557,311,264,117,355,140,387,172,223,218,528
 Tunisia,2,60,124,158,166,263,342,192,185,90,212,99,252,112,143,177,317
 Tunisia,1,77,110,140,135,252,313,163,205,91,210,94,225,101,120,170,310
 Tunisia,4,587,866,1298,1325,2296,3077,2016,1308,637,1807,794,2171,1039,1373,1232,2774
 Turkey,4,914,477,563,1068,1742,2296,1983,482,443,1209,1571,1493,1190,1585,1304,1259
 Turkey,NULL,30,13,27,25,44,68,56,13,23,27,41,38,30,37,51,41
 Turkey,2,86,69,106,112,191,256,187,86,85,108,152,159,130,140,126,186
 Turkey,1,33,39,42,48,74,85,68,42,36,50,39,47,61,44,48,60
 Turkey,0,1,0,0,1,1,1,0,0,0,1,1,0,0,0,0,0
 Turkey,3,175,133,157,219,419,541,428,163,132,238,319,322,282,294,285,362
 Turkmenistan,1,0,2,2,0,2,2,1,1,0,1,2,2,3,1,1,0
 Turkmenistan,4,15,3,11,23,50,53,45,14,11,15,21,27,21,23,16,30
 Turkmenistan,3,5,3,5,7,10,13,7,8,2,4,7,3,2,2,6,6
 Turkmenistan,2,2,1,4,1,4,4,1,3,3,1,1,2,1,1,3,3
 Tuvalu,1,2,1,0,1,1,0,2,3,0,1,2,1,1,1,0,2
 Tuvalu,4,3,3,3,8,10,10,5,2,1,4,0,5,2,9,6,7
 Tuvalu,3,1,0,0,0,1,1,1,1,0,2,1,1,0,0,1,2
 Tuvalu,2,4,5,10,3,8,13,6,3,1,2,2,5,3,5,3,11
 Uganda,3,143,237,188,352,450,436,271,218,127,216,209,294,181,221,180,380
 Uganda,NULL,9,6,2,13,13,8,8,3,6,8,8,7,3,5,9,6
 Uganda,2,33,89,57,110,165,173,81,87,39,90,60,113,53,68,54,122
 Uganda,1,13,33,25,32,46,55,21,34,18,37,19,29,14,19,17,38
 Uganda,4,422,612,379,950,1157,1117,820,417,364,595,491,680,451,528,517,891
 Ukraine,3,1940,6621,4095,5581,7952,8778,8379,3658,3568,5835,4797,7357,2952,3378,2157,8260
 Ukraine,4,3556,7823,5671,8647,13476,12061,13196,4597,4209,8212,8073,11201,4680,5536,2922,10302
 Ukraine,1,88,219,178,219,293,314,265,177,133,224,256,254,160,147,109,245
 Ukraine,NULL,28,22,18,34,54,51,65,5,16,28,48,42,31,25,10,39
 Ukraine,2,492,2212,1213,1907,2278,2848,2435,1381,1201,1675,1684,2258,1061,1083,665,2343
 United Arab Emirates,1,45,46,63,67,102,97,57,58,37,58,71,56,35,42,53,70
 United Arab Emirates,4,172,138,249,430,506,638,497,188,173,421,267,493,197,336,258,433
 United Arab Emirates,NULL,1,2,9,5,9,13,5,5,2,8,4,6,5,7,6,7
 United Arab Emirates,2,52,38,74,83,112,152,92,76,50,82,64,86,44,66,78,82
 United Arab Emirates,3,72,142,149,158,263,318,220,158,101,156,127,208,92,130,174,249
 United Kingdom of Great Britain and Northern Ireland,1,42,21,43,42,49,50,45,36,25,39,40,45,17,30,42,46
 United Kingdom of Great Britain and Northern Ireland,4,7121,2332,3021,10357,8044,11723,10047,2196,3235,10054,8080,8608,5100,8692,6896,5055
 United Kingdom of Great Britain and Northern Ireland,3,1010,546,736,1796,1490,1754,1814,504,754,1863,1484,1818,686,1363,981,1018
 United Kingdom of Great Britain and Northern Ireland,NULL,361,55,93,377,296,487,365,69,69,332,261,214,232,328,353,171
 United Kingdom of Great Britain and Northern Ireland,2,249,118,174,556,442,626,349,233,158,447,301,463,209,389,405,345
 United Republic of Tanzania,1,730,945,1282,1901,2813,3612,1857,1689,896,2168,1090,2232,992,1486,1634,3118
 United Republic of Tanzania,4,1707,2109,2084,4287,6317,8065,4253,3531,2018,4724,2640,4523,2105,2936,3332,6626
 United Republic of Tanzania,NULL,861,1081,1404,2209,3320,4188,1996,2079,1039,2629,1431,2604,1160,1784,2003,3587
 United Republic of Tanzania,2,955,1319,1589,2591,3802,4722,2397,2167,1111,2827,1536,2960,1379,2007,2123,3916
 United Republic of Tanzania,3,1637,2231,2789,4466,6777,8730,4277,4054,2022,5100,2720,5137,2365,3569,3889,7319
 United States of America,NULL,273,77,105,338,373,500,384,99,110,378,246,264,195,314,316,242
 United States of America,2,1358,520,864,2491,1984,3300,2641,929,886,2516,1967,2110,1381,2076,1800,1776
 United States of America,1,343,232,315,679,588,916,738,386,297,656,585,661,378,571,516,596
 United States of America,4,11662,2910,3942,15107,13936,19382,15867,3262,4189,15505,12085,11183,8477,12804,12314,8610
 United States of America,3,1984,751,886,2986,2755,3719,3309,918,1070,3163,2563,2454,1675,2501,2137,2038
 United States of America,0,5,1,3,10,5,10,5,3,3,12,1,4,6,6,5,5
 Uruguay,2,55,50,74,102,96,124,72,59,50,116,84,128,46,78,70,98
 Uruguay,3,118,32,46,164,137,238,130,36,36,176,156,174,59,100,112,122
 Uruguay,NULL,5,0,1,4,3,7,5,1,0,3,4,3,1,4,3,4
 Uruguay,1,25,17,29,28,27,27,26,22,20,24,20,24,21,28,17,29
 Uruguay,4,347,55,104,435,369,620,348,60,110,495,420,448,160,273,301,280
 Uzbekistan,NULL,2,3,4,4,4,9,3,0,6,3,3,3,4,2,4,6
 Uzbekistan,2,5,7,8,10,14,15,7,5,5,3,8,8,3,5,2,10
 Uzbekistan,4,54,50,56,90,135,158,126,39,57,56,59,118,51,79,58,109
 Uzbekistan,3,9,14,14,20,32,43,25,25,8,20,15,24,7,12,9,31
 Uzbekistan,1,5,6,8,7,11,14,9,8,3,7,6,9,4,1,5,10
 Vanuatu,1,1,0,0,2,3,3,0,1,0,2,0,1,0,1,1,3
 Vanuatu,4,10,9,4,12,15,21,13,4,2,11,8,8,8,3,11,11
 Vanuatu,2,2,2,2,5,4,5,3,1,1,2,1,3,0,3,4,4
 Vanuatu,3,1,1,0,3,1,4,2,0,2,1,2,3,2,3,3,2
 Venezuela (Bolivarian Republic of),1,7,17,18,17,27,30,13,14,12,21,19,22,10,9,13,20
 Venezuela (Bolivarian Republic of),4,660,461,331,956,1422,2070,1607,277,279,1230,964,1966,1013,874,595,1305
 Venezuela (Bolivarian Republic of),0,0,1,0,1,2,2,3,0,0,1,0,3,2,1,0,2
 Venezuela (Bolivarian Republic of),3,162,142,117,207,320,493,408,74,83,329,259,505,208,218,151,320
 Venezuela (Bolivarian Republic of),2,35,56,57,107,159,161,148,30,34,123,87,182,76,69,78,147
 Venezuela (Bolivarian Republic of),NULL,10,11,9,17,27,39,30,0,11,20,16,27,28,10,3,38
 Viet Nam,NULL,8,6,5,6,14,16,14,6,2,8,11,11,5,5,10,8
 Viet Nam,2,41,54,57,50,79,116,67,38,20,46,70,76,41,53,69,61
 Viet Nam,3,147,147,116,123,218,322,192,104,72,120,170,214,76,136,167,182
 Viet Nam,1,27,28,25,34,50,67,32,31,13,25,42,35,33,35,37,36
 Viet Nam,4,1104,977,669,858,1554,1946,1378,402,390,726,1201,1253,507,805,830,1218
 Yemen,43,0,0,0,0,0,1,0,0,0,0,1,0,1,0,1,1
 Yemen,3,12271,28285,45029,47187,54574,74016,73494,42198,27446,63349,15480,52013,29506,36774,40446,75883
 Yemen,32,0,0,1,0,1,1,0,0,0,0,0,0,1,0,1,0
 Yemen,NULL,90,366,502,361,496,522,476,141,202,444,146,421,147,192,287,382
 Yemen,2,9449,21156,34132,35669,40379,54384,52693,33143,21821,47102,12215,39289,22144,26628,32222,55269
 Yemen,1,8577,18119,28305,29757,33015,44072,42181,28307,18969,38619,10758,32268,18805,22125,27726,44814
 Yemen,4,12482,28668,45899,48602,57471,77966,77418,40042,27610,63646,15561,54581,30512,38114,38462,78676
 Zambia,3,447,605,699,837,1683,1765,832,250,522,690,309,358,270,323,352,1693
 Zambia,NULL,5,2,0,9,10,11,8,6,5,5,1,8,1,3,4,12
 Zambia,2,521,2524,2007,2164,4282,4973,1997,919,1437,1230,813,1707,1201,1040,1121,4423
 Zambia,1,30,42,59,61,115,134,41,32,14,74,17,31,27,34,39,122
 Zambia,4,613,571,1984,2377,3122,3257,936,388,412,2242,392,564,379,532,523,3192
 Zimbabwe,1,17,33,38,55,56,62,44,26,30,37,28,50,26,31,28,51
 Zimbabwe,4,1371,2461,1775,4677,5103,5074,4259,1530,2290,3361,1634,3537,2461,2609,1898,5033
 Zimbabwe,3,998,2054,1817,3392,4036,4377,3095,1353,1396,2295,1297,3182,1924,2118,1670,3994
 Zimbabwe,NULL,9,11,8,31,26,30,25,12,13,19,14,20,15,11,14,22
 Zimbabwe,2,93,187,214,286,386,490,294,183,160,233,164,316,153,198,179,400
